electorate_name,electorate_type,Total_valid_electorate_votes,National_votes,National_share,Labour_votes,Labour_share,Green_votes,Green_share,ACT_votes,ACT_share,NZ First_votes,NZ First_share,Te Pāti Māori_votes,Te Pāti Māori_share,TOP_votes,TOP_share,Others_votes,Others_share
Auckland Central,general,28147.34855162094,10561.683343444884,0.3752443397974318,3682.6692561510667,0.13084096055335576,12164.710014049955,0.43219801518500284,797.4971874985096,0.028334148627824615,1.0000148965056376e-09,3.552936756618009e-14,1.0000395017484061e-09,3.5530241761872007e-14,444.9129989471882,0.015807242001896548,495.87575152733757,0.017617889398181822
Banks Peninsula,general,40402.0,14913.0,0.3691153903272115,14816.0,0.3667145190832137,6435.0,0.15927429335181426,1644.0,0.040691054898272364,1337.0,0.033092421167268946,0.0,0.0,0.0,0.0,1257.0,0.031112321172219196
Botany,general,32915.89625878326,24115.97279431857,0.732685503629272,5439.163313146521,0.16525131063149492,9.999723092166142e-10,3.0380910662094794e-14,2132.9951805371697,0.06480413049971868,199.92726084288086,0.006074140448292295,1.0000054653170653e-09,3.038191800251455e-14,9.999724444738993e-10,3.038091477144808e-14,1027.8377099351114,0.03122751035489564
Christchurch Central,general,32284.15942435544,11249.215184656461,0.34845864200609467,13997.551041144872,0.4335918148193281,3992.7659747070743,0.12368096676577685,1088.498944945456,0.03371762900385337,1113.4739469099468,0.034491261219593734,1.0000365942423038e-09,3.097739601082358e-14,1.0000035723713002e-09,3.097637311668052e-14,842.6543319896289,0.02610228174905573
Christchurch East,general,33208.754367197565,11271.034939381569,0.3394139662944608,13500.569482090907,0.40655377787355657,3579.226585465777,0.10778420066774955,1421.4467054417184,0.042805196396333754,1740.997927236829,0.05242810575710188,1.0000336960058369e-09,3.011483905559378e-14,1.0000006742288148e-09,3.011384464360115e-14,1695.4787275787617,0.05105734857450177
Coromandel,general,39560.0,21865.0,0.5527047522750252,6701.0,0.16938827098078868,4036.0,0.10202224469160769,2228.0,0.056319514661274016,2675.0,0.06761880687563195,0.0,0.0,0.0,0.0,2055.0,0.0519464105156724
Dunedin,general,34126.0,7439.0,0.21798628611615778,14566.0,0.42682998300416103,6041.0,0.17702045361308094,1392.0,0.04079001347945848,1100.0,0.03223348766336517,0.0,0.0,1446.0,0.042372384692023674,2142.0,0.06276739143175292
East Cape,general,33997.44807878574,15049.123145999145,0.4426733482174122,11855.057446574114,0.34871918597994217,1351.9918315611499,0.039769144357017,1603.128659188325,0.04715639072797755,2198.0055172764855,0.06465482754666683,912.0247289465857,0.026827412899946633,9.999940935149671e-10,2.941505158003786e-14,1028.1167492389302,0.030242285834772627
East Coast Bays,general,28067.824288397813,20472.319503232284,0.7294185442683544,5220.585178431956,0.18600684892982242,69.83146442299117,0.0024880602862564494,1092.6417148369474,0.03893027992833987,9.999817515210328e-10,3.5628851600046026e-14,1.0000063559484167e-09,3.5629728243535404e-14,9.999733350762864e-10,3.562855172631292e-14,1212.4464274706338,0.04319886215088455
Epsom,general,29671.739841080744,7041.7298282312495,0.2373312051264826,4382.112596918421,0.1476926961124012,2717.232469173487,0.09158034634221893,13796.48993488239,0.4649905154886462,409.2701837354053,0.013793852973291163,1.0000142221777347e-09,3.3704016808704784e-14,1194.6320924942827,0.040263327493445675,130.27273564450914,0.0043906520272449885
Glendene,general,24225.506049615087,8539.66101674785,0.3525220381746745,10401.460886330005,0.4293781901239461,2479.7945157813538,0.10236732058136619,1460.5425744484912,0.06029202379060557,349.1738434553901,0.014414093806624614,604.0028002216202,0.02493357731410561,1.0000015341856764e-09,4.128062909260382e-14,390.8704126293771,0.01613535177240075
Hamilton East,general,29205.0,14308.0,0.4899161102550933,10331.0,0.3537407978085944,0.0,0.0,1306.0,0.04471837014209896,971.0,0.033247731552816295,771.0,0.026399589111453518,868.0,0.029720938195514468,650.0,0.022256462934429035
Hamilton West,general,30357.0,14300.0,0.47106104028724843,9160.0,0.3017425964357479,2355.0,0.0775768356556972,1780.0,0.05863557004974141,1436.0,0.047303752017656554,0.0,0.0,811.0,0.026715419837269824,515.0,0.016964785716638668
Henderson,general,23999.21120630144,9332.019438705687,0.388863486433435,10070.535959465555,0.4196373302876654,1867.7230587137306,0.07782766689181626,1511.0448217189291,0.06296495216176996,273.0377687367842,0.011377432224221534,528.7749525089309,0.022033952342454154,61.1090951633925,0.002546404446980579,354.9661112884311,0.014791370775421643
Hutt South,general,36181.12634754339,16451.902364686146,0.4547288822549181,15152.031213100488,0.4188005778720325,1768.6133678716517,0.048884290830686856,481.53094858147347,0.013309465687664935,1011.8892695792633,0.027968514906166714,1.0000316062635305e-09,2.7640770316745112e-14,858.0124550002138,0.02371537564315521,457.1467287231489,0.012635488369112715
Ilam,general,33698.34490916104,15380.143665048257,0.4564259411671318,7487.811843774614,0.2222106400633873,1582.1319216410975,0.046951840445200094,8.29239985830682,0.0002460878449700753,22.557506409786082,0.0006694235969243736,1.0000336529084686e-09,2.967731063948553e-14,8429.005319833092,0.25014179125975733,788.4022525948824,0.023396871186363976
Invercargill,general,32840.18222068151,18783.586711796146,0.5719939884326205,9676.65469289554,0.2946715341111379,7.005605623297934,0.00021333328737155771,1709.799226298184,0.05206646067521937,9.999876022869452e-10,3.0451420476371185e-14,1.00001220685735e-09,3.0452169729779256e-14,9.999791857915747e-10,3.0451164178954224e-14,2663.135984065348,0.08109727905732375
Kaikōura,general,35716.0,18076.0,0.506103707022063,8029.0,0.224801209541942,1949.0,0.05456938066972785,2190.0,0.0613170567812745,3879.0,0.10860678687423003,0.0,0.0,0.0,0.0,1593.0,0.044601859110762684
Kaipara ki Mahurangi,general,33780.015949842935,20140.091310150816,0.596238593214403,5924.79922846809,0.17540108943195953,2960.1296113041435,0.08763334227222347,1900.1632296736489,0.05625350121264515,1874.7043452716725,0.05549980207658454,1.0000169424795325e-09,2.9605064137621333e-14,9.99983921256497e-10,2.960408655875808e-14,980.1282249725638,0.029016267355889917
Kapiti,general,35581.61999328791,17291.01457484599,0.4859742501499868,12943.87833303769,0.36379540018904183,2897.0711731648103,0.0814239086385393,1048.3970418777437,0.029465822498766753,561.8538003273092,0.015791235275759777,1.0000270870580953e-09,2.810635614579384e-14,9.999940655014057e-10,2.8105428055300272e-14,839.4050700323627,0.02359197881161395
Kenepuru,general,44076.733769304075,15044.953431823073,0.34135002740548726,21859.066653381942,0.4959532134813753,3386.3356786445297,0.07683146258628333,933.5294794812669,0.021180545014564862,996.1623194713026,0.02260160103470912,1.0000393874006194e-09,2.268956656081875e-14,1339.757375279257,0.0303973168704492,516.9288312217066,0.011728429170872764
Manurewa,general,20292.965161696382,6565.7502347669915,0.3235618774427982,11939.135928125977,0.5883637204920725,1.0000037976288721e-09,4.928044696208409e-14,27.706050425561084,0.0013653613633899558,1.0000123495937646e-09,4.9280868405135914e-14,986.8282301160441,0.04863115157185573,1.000003932890517e-09,4.9280453627813096e-14,773.5447182588066,0.03812048469350011
Maungakiekie,general,27652.472442908915,13391.927128936202,0.48431465190941614,10116.615156843289,0.3658640687792696,2164.9504637683776,0.07829472339313727,1024.8933980741742,0.0370649335643437,647.7230138805915,0.023424690336275426,1.0000279738522099e-09,3.616568365350601e-14,9.999949522646149e-10,3.6164489438622106e-14,306.3632814042786,0.011079527581250068
Mt Albert,general,31759.04282673729,11591.837971440651,0.3650088510398922,12599.717239168474,0.39674539311429285,5315.9683216207595,0.1673915296279892,1374.42793550184,0.04327858643389133,35.44344067021368,0.0011160585221954612,26.901673744760625,0.0008470916388598165,672.4384624772234,0.021174035661002136,142.3077821133682,0.004481049525641379
Mt Maunganui,general,36104.53622912285,19055.190323733823,0.5278007691160214,6546.479427425556,0.18132785965899365,2968.8124448611848,0.08223174185813698,3386.1963591261574,0.09379266291025175,3250.9681713475347,0.09004704083547116,33.01961177671136,0.0009145947217306911,9.999864211262417e-10,2.76981543195937e-14,863.8698908508859,0.023927926463131143
Mt Roskill,general,26936.41658280689,12905.88010945065,0.4791442767828208,10017.669840228447,0.37191645435559895,2135.078413864654,0.07926701579512326,1678.2690298841194,0.06230749036495282,1.000002181265944e-09,3.7126125290211545e-14,1.0000267861950973e-09,3.71270387739015e-14,9.99993764647943e-10,3.7125812814478714e-14,199.51918937601866,0.007407358265157195
Māngere,general,21585.954121587987,4469.814198148935,0.20707931496686552,13220.096567784352,0.6124658475035288,1978.0235939740708,0.09163865715001689,499.04901826484763,0.0231201397319755,1.000020480231628e-09,4.632934319394306e-14,640.2371007298815,0.029661156897846146,1.000012063460897e-09,4.632895325846924e-14,778.7336426838975,0.03607747931343882
Napier,general,35228.48452770094,19249.4836749968,0.5464414344156411,10867.968514099613,0.3085126024311196,1675.2275332934892,0.0475552358557286,1057.6790472778187,0.030024683544970763,1487.9966236868072,0.04224025034547763,1.0000223357916735e-09,2.8387963482234682e-14,9.999893143916022e-10,2.838702609287266e-14,890.1291343444037,0.025268388970770127
Nelson,general,35926.0,15257.0,0.42467850581751376,15165.0,0.42211768635528585,2036.0,0.0566720480988699,2262.0,0.06296275677782108,0.0,0.0,0.0,0.0,0.0,0.0,1206.0,0.03356900295050938
New Plymouth,general,36887.40475955143,19849.58015478855,0.5381355990815746,13381.299497335887,0.3627761174460735,9.99984814271562e-10,2.711026746682525e-14,1592.1132178343496,0.043163270638663445,9.999933660737702e-10,2.7110499311991174e-14,1.000017970786962e-09,2.7111166362476394e-14,9.999849495310732e-10,2.7110271133802462e-14,2064.4118895886404,0.055967608397344604
North Shore,general,34379.53103994377,21859.140953654627,0.6358455567846135,7397.981532409602,0.21519481010395403,2482.961448450607,0.07222516237084105,1651.3738757076967,0.04803568190008735,9.999930256011119e-10,2.9088111170158457e-14,1.0000176303055217e-09,2.908882687952728e-14,891.9862712821614,0.025946376781692006,96.08695843708333,0.0027950076225183294
Northcote,general,31892.961994607653,17642.103809806504,0.5531896124338423,9963.951006871346,0.31243179697973944,2386.6429154343336,0.0748360900514152,793.2578845206496,0.0248735653314853,891.7977769397135,0.027963403453074517,1.0000246532201207e-09,3.135698873008693e-14,32.78928767485348,0.001028147976929567,182.41931335925503,0.005719979337246669
Northland,general,38339.926706317834,14162.109575992074,0.36939853660961114,8511.014620613982,0.22199774186520313,1841.9547359914643,0.048044776120772646,1741.1460040332981,0.045415323364246536,7065.96593385028,0.18430569695085933,1.0000223863322832e-09,2.6084165223112194e-14,9.999893649303505e-10,2.6083303906689997e-14,5017.735835834738,0.13088052065301953
Pakuranga,general,30125.835563766643,22219.121496351552,0.7375751582167854,5891.33308749539,0.19556582985653628,9.99974152018473e-10,3.3194655941227474e-14,1076.0717684792799,0.03572075543216442,9.999827037288276e-10,3.3194939819648085e-14,1.0000073081800279e-09,3.3195756577051835e-14,9.999742872757904e-10,3.319466043116364e-14,939.309211436419,0.031180852058145612
Palmerston North,general,34265.049995459616,12713.28467571288,0.37104356208222716,14270.655667609664,0.4164962122081878,2784.2334735358395,0.08125924432911215,3119.1348393696076,0.09103350793563338,213.60658715787588,0.006234214918092499,1.0000293119698557e-09,2.918635486931136e-14,9.99996290338601e-10,2.918539111651269e-14,1164.134752071751,0.033975854090453006
Papakura,general,25844.285960536923,15085.857210084563,0.5837460483030451,6701.399657901778,0.25931012828256866,9.999813386773914e-10,3.869419859280533e-14,1910.9876110633368,0.07394551405196857,1157.0572152118336,0.04477223717780687,1.0000144950779576e-09,3.8695481577095646e-14,9.999814739363789e-10,3.8694203826641124e-14,988.984266272411,0.03826866774825919
Port Waikato,general,0.0,0.0,0.0,0.0,0.0,0.0,0.0,0.0,0.0,0.0,0.0,0.0,0.0,0.0,0.0,0.0,0.0
Rangitata,general,35044.0,20157.0,0.5751911882205227,10578.0,0.3018491039835635,1386.0,0.03955027964844196,0.0,0.0,1823.0,0.05202031731537496,0.0,0.0,0.0,0.0,1100.0,0.03138911083209679
Rangitīkei,general,38007.63091677046,18699.085630706097,0.4920033603186063,10713.233221194792,0.28188259302097907,2182.713543695257,0.05743074390479958,4186.6303769831975,0.11015705551426501,1838.9946037172645,0.0483869394742438,1.0000218540193608e-09,2.631220169191713e-14,9.999888326339142e-10,2.63113328455509e-14,386.9735404718536,0.010181903330818146
Remutaka,general,35479.36082694952,11777.770352756443,0.3319753163246934,19410.506781353448,0.5471162143396966,2159.4865954198804,0.06086858752901981,1025.7821620696604,0.028913312752239694,17.118025331541748,0.0004824989538841455,1.0000369027103448e-09,2.8187641393087256e-14,17.086410075117296,0.0004816078272584903,1071.6104999424385,0.0302050578369441
Rotorua,general,30956.301191819086,17084.96124209564,0.5519292786234723,8770.347671538428,0.28332587911891016,56.47127406337659,0.0018243032053214517,1499.0706152714076,0.048427441629414335,73.55636173995838,0.002376236568408081,2135.0352062248157,0.06897226306278925,9.999834688277325e-10,3.2304442881942965e-14,1336.8588208844574,0.04318719335541668
Selwyn,general,35285.50455510155,23767.322540455974,0.6736005400133169,8436.45502141082,0.23910142375302507,9.999771097622532e-10,2.8340807846161668e-14,2018.1021573911326,0.0571959546855473,9.999856614976517e-10,2.8341050214799222e-14,1.0000102660213019e-09,2.8341747542838142e-14,9.999772450194453e-10,2.8340811679547504e-14,1063.6248358396203,0.030144677111761817
Southland,general,32464.599354823436,19826.668600935143,0.6107425787811516,5031.184450378408,0.15498108267179136,2860.926996836262,0.08812826637299931,2281.4557625592342,0.07027817954927763,9.999850456468012e-10,3.080363412601293e-14,1.000009650154182e-09,3.080439204559034e-14,9.999766291722252e-10,3.080337486413237e-14,2464.3635441113875,0.07591248818845228
Taieri,general,36349.0,13383.0,0.36818069272882337,14692.0,0.4041926875567416,3047.0,0.0838262400616248,1434.0,0.03945087897878896,2758.0,0.07587553990481169,0.0,0.0,0.0,0.0,1035.0,0.028473960769209605
Takanini,general,23160.24762881076,13663.889038923335,0.5899967599215955,7825.106641017475,0.3378823957871555,9.99984467676829e-10,4.31785997544766e-14,1236.741674793721,0.0534016032265583,9.999930194758127e-10,4.317896901491757e-14,1.0000176241800757e-09,4.3180031428096764e-14,9.999846029353463e-10,4.3178605594840696e-14,434.5102740722303,0.018761836628282555
Taranaki-King Country,general,35317.51996448878,22113.272983487415,0.6261542410976854,9166.374251429645,0.25955289917088176,116.81886392871594,0.0033078154981308954,155.7078562441917,0.004408987065475704,221.20062322768365,0.006263464864332443,1.0000099757536839e-09,2.8316047467316746e-14,9.999769547615394e-10,2.8315112452663242e-14,3544.145386169131,0.1003551878672017
Taupō,general,36357.0,21389.0,0.5871904683467852,7044.0,0.19337835611925547,2678.0,0.07351891506067094,2320.0,0.06369077032888595,1804.0,0.049525064514357876,0.0,0.0,0.0,0.0,1122.0,0.03080217427112502
Tauranga,general,33891.46251602896,16076.310068724817,0.4743671017623342,7827.089208694858,0.23095558665461421,1879.6506769338866,0.05546325245849548,3163.3158721276113,0.0933406344991573,3056.4452853603875,0.09018718135650905,367.988542984871,0.010858316234959491,9.999873949131014e-10,2.9506840829515136e-14,1520.662861201528,0.04487052259766507
Tukituki,general,33897.45980545317,18574.069735643137,0.5479720608925023,9939.985408385282,0.29324937221603925,1867.7252100303672,0.05510161462122798,1641.5168403507032,0.04842801705813546,9.99992956030015e-10,2.950178441196528e-14,1.0000175607332815e-09,2.95025102997297e-14,9.999845394896555e-10,2.9501536107257045e-14,1874.1626110406733,0.055291530775771085
Tāmaki,general,33299.30888195134,10907.832117584969,0.32758327752429434,6819.060883466271,0.20478957594537717,120.8749185204584,0.003630107390044853,15155.668623165246,0.4551540165937017,15.00446812716271,0.0004506131735086711,1.0000068040749315e-09,3.003213680721642e-14,9.999737831876678e-10,3.003114512616009e-14,280.8678710852343,0.008435004936777743
Upper Harbour,general,28433.51063221184,16887.46680666584,0.5939536048250998,6071.34721359879,0.21353697419191514,1825.0652526081117,0.06418985737989667,1682.6334614300076,0.059180350816216074,897.9491339301953,0.03158200878517169,1.0000184609446874e-09,3.517191634302991e-14,672.091480998423,0.02363830895902541,396.9572829794713,0.013961490606404576
Waikato,general,34666.0,22935.0,0.6615992615242601,7168.0,0.2067732071770611,0.0,0.0,0.0,0.0,3019.0,0.0870882132348699,0.0,0.0,1206.0,0.03478913056020308,338.0,0.009750187503605838
Waimakariri,general,39431.0,23217.0,0.588800689812584,11832.0,0.3000684740432655,0.0,0.0,1607.0,0.04075473612132586,0.0,0.0,0.0,0.0,0.0,0.0,2775.0,0.07037610002282468
Wairarapa,general,40424.57043734474,18780.763692191696,0.464607625169925,16041.439730909442,0.39684090273618483,1543.624907908857,0.03818694033804672,1845.0179971444813,0.04564294850296546,206.53161910017718,0.005109279188286025,356.00882541139947,0.008807118689358379,9.999917689999045e-10,2.4738280540619436e-14,1651.183664677683,0.04084778093897342
Waitaki,general,37340.0,19559.0,0.5238082485270488,9153.0,0.24512587038028924,2687.0,0.07196036422067488,2045.0,0.05476700589180503,1577.0,0.042233529726834494,0.0,0.0,0.0,0.0,2319.0,0.06210498125334762
Waitākere,general,31810.274925173107,11443.956428148136,0.35977192642454375,12770.17772502371,0.40146530352169796,4051.4499153502256,0.12736835813818057,1868.9754634547764,0.05875633196867547,464.8836789549867,0.014614884091098334,164.3646963204713,0.0051672517107765785,1.0000000345584701e-09,3.143772358070132e-14,1046.4670179198042,0.03289853970876042
Wellington Bays,general,36238.22255308071,7983.132954994556,0.22030531407409448,12370.974443668178,0.3413937141695485,13520.341084700001,0.3731120358192442,905.0932569594767,0.02497726836881155,759.0477907078634,0.020946946878107886,1.000049898724565e-09,2.7597724886999825e-14,84.61058818302035,0.002334943224513399,615.0224338666154,0.016972373029416885
Wellington North,general,39414.21491660771,11650.764844416566,0.2956106354005795,12515.782335821279,0.31755841081974495,12520.377502774725,0.31767500232605544,87.29851814324779,0.00221499367315973,284.97773415953344,0.007230636803238622,1.0000468061982665e-09,2.5373825303174224e-14,1899.5681625537563,0.04819705478720844,455.44581873759694,0.011555861753752552
West Coast-Tasman,general,35792.0,11633.0,0.32501676352257486,10732.0,0.29984354045596784,2090.0,0.05839293696915512,2110.0,0.058951721054984356,1548.0,0.043249888243182835,0.0,0.0,0.0,0.0,7679.0,0.214545149754135
Whanganui,general,35868.61653320701,17449.750774651096,0.48651148952085466,11795.292859179475,0.3288611724237562,1744.7284469355768,0.048644272717127506,1657.1410068773632,0.046202272457276115,2898.6667455598417,0.08081689499287902,1.000027168067147e-09,2.7881470250247613e-14,9.99994146507669e-10,2.7880549585632084e-14,323.0367000016533,0.0090064934518154
Whangaparāoa,general,36474.603420747844,24587.62531901574,0.674131322529776,5877.942873068686,0.16115852390640245,2471.1977629691505,0.06775407525405162,1884.2936698105696,0.051662629765286086,9.999851279306505e-10,2.741709652947413e-14,1.0000097324409672e-09,2.7417771123741156e-14,9.999767114567944e-10,2.7416865770766122e-14,1653.5437958807013,0.04533604410816626
Whangārei,general,37125.287640114955,18439.1836225046,0.4966956546890543,8236.993705953693,0.22187961599639247,2116.004270117275,0.05699873420578126,1022.0634820565817,0.027531288843736432,4781.011478067515,0.12878594165504983,653.0151228702811,0.017590245892450795,9.999901376390274e-10,2.6936699924774036e-14,1877.0159585440124,0.05056111428127238
Wigram,general,28647.184804759003,12827.718848307642,0.44780195120927585,11396.001717370998,0.3978222367803337,2023.8788642534394,0.07065144747411352,1214.1065014218725,0.042383159994523065,1.0000020836039867e-09,3.490900366204122e-14,1.000026688531474e-09,3.4909862593755307e-14,9.999936669883518e-10,3.4908709846987394e-14,1185.4788734020508,0.04138380010541381
Ōtāhuhu,general,19714.632393825133,4594.921626856214,0.23308156390339851,11529.96687092662,0.5848680191458784,2479.247296025584,0.12576206603468973,605.0806129122253,0.03069326247501232,1.000020261496305e-09,5.07269340835567e-14,1.0000448668710793e-09,5.0728182213492e-14,1.000011844726849e-09,5.0726507135297925e-14,505.4159871014907,0.025637684004633336
Hauraki-Waikato,maori,17376.0,0.0,0.0,7545.0,0.4342196132596685,0.0,0.0,0.0,0.0,0.0,0.0,8908.0,0.5126611418047882,0.0,0.0,923.0,0.05311924493554328
Ikaroa-Rāwhiti,maori,20393.674059685,0.0,0.0,11404.140458964654,0.5592237176771919,0.0,0.0,0.0,0.0,0.0,0.0,8314.683670214095,0.4077263280032508,0.0,0.0,674.8499305062494,0.03309254988307656
Te Tai Hauāuru,maori,19239.0,1071.0,0.05566817402151879,5521.0,0.28696917719216175,0.0,0.0,0.0,0.0,0.0,0.0,12099.0,0.6288788398565414,0.0,0.0,548.0,0.028483808929778056
Te Tai Tokerau,maori,20158.0,0.0,0.0,7886.0,0.3912094453814863,3190.0,0.15824982637166385,0.0,0.0,0.0,0.0,7372.0,0.36571088401627144,0.0,0.0,1710.0,0.08482984423057843
Te Tai Tonga,maori,19681.032872331736,0.0,0.0,7681.331657819772,0.39030770886366356,0.0,0.0,0.0,0.0,0.0,0.0,9274.114837892537,0.4712410133249937,0.0,0.0,2725.5863766194275,0.13849387337485325
Tāmaki Makaurau,maori,18075.0,964.0,0.05333333333333334,7487.0,0.4142185338865837,2054.0,0.11363762102351314,0.0,0.0,0.0,0.0,6994.0,0.3869432918395574,0.0,0.0,576.0,0.03186721991701245
Waiariki,maori,21150.0,0.0,0.0,4411.0,0.2085579196217494,0.0,0.0,0.0,0.0,0.0,0.0,15895.0,0.7515366430260048,0.0,0.0,844.0,0.03990543735224586
