electorate_name,electorate_type,Total_valid_party_votes,ACT NEW ZEALAND_votes,ACT NEW ZEALAND_share,ANIMAL JUSTICE PARTY_votes,ANIMAL JUSTICE PARTY_share,AOTEAROA LEGALISE CANNABIS PARTY_votes,AOTEAROA LEGALISE CANNABIS PARTY_share,DEMOCRACYNZ_votes,DEMOCRACYNZ_share,FREEDOMS NZ_votes,FREEDOMS NZ_share,GREEN PARTY_votes,GREEN PARTY_share,LABOUR PARTY_votes,LABOUR PARTY_share,LEIGHTON BAKER_votes,LEIGHTON BAKER_share,NATIONAL PARTY_votes,NATIONAL PARTY_share,NEW CONSERVATIVES_votes,NEW CONSERVATIVES_share,NEW NATION PARTY_votes,NEW NATION PARTY_share,NEW ZEALAND FIRST PARTY_votes,NEW ZEALAND FIRST PARTY_share,NEWZEAL_votes,NEWZEAL_share,NZ LOYAL_votes,NZ LOYAL_share,TE PĀTI MĀORI_votes,TE PĀTI MĀORI_share,THE OPPORTUNITIES PARTY (TOP)_votes,THE OPPORTUNITIES PARTY (TOP)_share,WOMEN’S RIGHTS PARTY_votes,WOMEN’S RIGHTS PARTY_share
Auckland Central,general,41532.166558750105,3707.59356701851,0.08927041072547622,63.033180016603524,0.0015176954452265031,162.22481957807872,0.003906004261747351,35.426404144621465,0.0008529871441815678,53.7885068879212,0.0012951047668518247,10529.785991535948,0.2535332698485845,9651.035343563588,0.2323749552027712,3.4008702159672346,8.188521085593909e-05,13230.806364890786,0.3185676900860662,30.971131524902393,0.000745714324368116,27.656339234730233,0.0006659016739617578,1518.581051777152,0.03656397384492366,45.41248395693009,0.0010934292072793989,242.000086944515,0.005826811047822156,683.0925739429771,0.016447313746002046,1489.397329131687,0.03586129625635667,57.96051438518387,0.0013955572075247927
Banks Peninsula,general,49559.0,3919.0,0.07907746322565024,111.0,0.0022397546358885368,182.0,0.003672390484069493,146.0,0.0029459835751326703,61.0,0.0012308561512540607,9763.0,0.1969975181097278,13200.0,0.2663491999435017,53.0,0.0010694323937125447,15839.0,0.3195988619625093,62.0,0.0012510341209467503,22.0,0.00044391533323916946,2658.0,0.05363304344316875,323.0,0.006517484210738715,389.0,0.007849230210456224,388.0,0.007829052240763534,2401.0,0.04844730523214754,42.0,0.0008474747270929599
Botany,general,41662.36146707984,3695.108865576329,0.08869177683305533,93.19989657465794,0.0022370286583083218,101.25584268541431,0.0024303913441253966,31.1614267273512,0.000747951523390576,116.34213723515133,0.0027924998281021796,2349.081650875195,0.05638378546380186,5961.607751182193,0.1430933711209061,8.373485186228564,0.00020098441114157684,26767.069701286513,0.6424760565345516,82.31786275378317,0.001975832858606152,35.250634248698915,0.0008461026453469938,1302.1580569414143,0.03125502278526229,158.0211135984161,0.003792898626816411,314.21548722192654,0.007541950963826397,114.67845669384249,0.0027525673690978235,507.9140070650933,0.01219119582231145,24.60509122763099,0.0005905832113494835
Christchurch Central,general,42337.56141614084,2777.183301095836,0.06559620365940724,115.98490368113272,0.0027395272614098754,179.28446369828933,0.004234643132514917,82.98628489656946,0.001960110174530072,68.25217435063011,0.0016120950774602136,8464.09347348686,0.19991924877987888,12227.551575095898,0.2888109557116402,50.30617215095501,0.001188216100981579,12896.054228637222,0.3046007799523548,81.79755743911295,0.0019320328026244875,34.932934272457345,0.00082510501559354,2211.9251795876517,0.05224498307416388,125.32458740826081,0.002960127678975905,264.57093241387645,0.006249082931663868,421.15289959681814,0.009947500175016154,2275.5245824022463,0.053747181138654856,60.63616592701735,0.0014322073331294969
Christchurch East,general,41410.69491600564,2935.600875266191,0.0708899206164143,123.84182840131422,0.002990575952722014,238.52539050887708,0.005759994875543242,112.108849890682,0.002707243868234407,122.492596026446,0.002957994215622337,6057.7227524374275,0.14628401587378478,14211.31670500362,0.34317986534224537,125.0081143776043,0.003018739835956905,11888.658115369562,0.2870914902414371,183.20139653802195,0.004424011645050004,25.80592870209372,0.0006231706266807775,2819.454106371142,0.06808516766236143,217.27598130209932,0.00524685668141541,431.22513419420847,0.010413375942347099,445.26244638624723,0.010752353885617818,1423.2369002997486,0.03436882436255987,49.957794930355774,0.0012063983720071937
Coromandel,general,46892.0,5588.0,0.11916744860530581,51.0,0.0010876055617162843,185.0,0.003945235861127698,99.0,0.002111234325684552,126.0,0.0026870255054167024,3672.0,0.07830760044357246,9223.0,0.19668600187665272,32.0,0.000682419175978845,20206.0,0.43090505843214194,43.0,0.000917000767721573,19.0,0.0004051863857374392,4895.0,0.10438880832551395,270.0,0.005757911797321505,1580.0,0.033694446813955475,362.0,0.007719866928260684,509.0,0.010854730017913504,32.0,0.000682419175978845
Dunedin,general,42507.0,2460.0,0.057872820947138116,57.0,0.001340955607311737,159.0,0.0037405603782906345,25.0,0.0005881384242595337,44.0,0.0010351236266967793,11449.0,0.26934387277389604,13160.0,0.30959606653021854,19.0,0.00044698520243724563,9652.0,0.22706848283812078,94.0,0.002211400475215847,18.0,0.0004234596654668643,2396.0,0.056367186581033714,114.0,0.002681911214623474,402.0,0.009457265862093302,613.0,0.014421154162843767,1810.0,0.042581221916390244,35.0,0.0008233937939633472
East Cape,general,40354.0,3599.0,0.08918570649749714,43.0,0.0010655697080834614,164.0,0.00406403330524855,199.0,0.004931357486246716,178.0,0.004410962977647817,3015.0,0.07471378302027061,12054.0,0.29870644793576845,29.0,0.0007186400356841948,14908.0,0.36943053972344747,56.0,0.0013877186895970659,20.0,0.0004956138177132378,3896.0,0.09654557169053873,247.0,0.006120830648758488,546.0,0.013530257223571393,915.0,0.02267433216038063,460.0,0.01139911780740447,25.0,0.0006195172721415473
East Coast Bays,general,36901.922622836464,3606.5073563541655,0.09773223452921954,62.0358296441611,0.0016811002038622973,102.55072904267804,0.0027790077522740057,35.65681705659412,0.0009662590597523009,48.01582029636411,0.0013011739466021724,3312.9228503376485,0.08977642938006358,5427.232776067665,0.14707181605516306,6.240306881132302,0.00016910519662925467,21202.160458869337,0.5745543579279131,47.18824065951048,0.0012787474826666187,23.854822020679677,0.0006464384597109666,1456.3985115244836,0.0394667379911312,400.37686734660554,0.010849756296947939,390.16981965316734,0.010573156950139877,134.2192913425814,0.003637189658500906,615.0763407326131,0.016667867065332197,31.315785007079317,0.0008486220440909978
Epsom,general,43091.91444513115,5318.47584126382,0.12342166528794689,47.52193644997596,0.0011028040193128469,74.57790587983557,0.001730670517662785,17.689528905427046,0.00041050691604688596,34.97252160283621,0.000811579667628057,6050.687683859391,0.14041352680126848,6402.782232468266,0.14858430670609715,2.0538666086836597,4.766245907451719e-05,21992.098059255353,0.5103532377810192,29.08340447508526,0.0006749155810219827,5.31234036464362,0.00012327928413131452,1123.947295508849,0.026082556553387037,79.37099364304294,0.0018418999170739063,130.99312598459755,0.0030398539417734816,335.9806508064926,0.007796837414459645,1418.3763416746256,0.032915138720064095,27.99071638022643,0.0006495584320317668
Glendene,general,33333.114930785625,2001.9520976492213,0.060058956440349615,51.52681351314192,0.0015458145336892308,123.6173513017177,0.0037085448377207567,59.86622549976997,0.0017959985325127544,93.23860523935802,0.002797176484494859,4509.865470022167,0.13529685057597088,11939.973315107143,0.3582015464171242,10.64075295850832,0.00031922468033975394,11200.991603761937,0.33603194981987666,65.82846550222018,0.001974866904545506,14.181511096265174,0.00042544812045655796,1499.7059219557818,0.044991472446239675,305.2912256244531,0.0091587967778701,223.9815529790486,0.0067194906159875525,567.2682449560812,0.017018158852959958,636.1002515519228,0.019083132580700903,29.085522066891293,0.0008725713791611067
Hamilton East,general,38210.0,3085.0,0.08073802669458258,69.0,0.001805809997382884,110.0,0.0028788275320596702,39.0,0.0010206752159120649,80.0,0.002093692750588851,4718.0,0.12347552996597749,9497.0,0.248547500654279,25.0,0.0006542789845590159,16373.0,0.42850039256739075,91.0,0.0023815755037948183,19.0,0.0004972520282648522,1914.0,0.05009159905783826,204.0,0.0053389165140015704,341.0,0.008924365349384978,565.0,0.014786705051033761,1040.0,0.027218005757655064,40.0,0.0010468463752944255
Hamilton West,general,38736.0,3398.0,0.08772201569599339,94.0,0.002426683188764973,169.0,0.004362866584056175,55.0,0.0014198678232135481,141.0,0.0036400247831474596,3863.0,0.09972635274679885,10242.0,0.26440520446096655,17.0,0.00043886823626600576,16026.0,0.41372366790582404,97.0,0.002504130524576621,24.0,0.0006195786864931846,2410.0,0.06221602643535729,163.0,0.004207971912432879,322.0,0.008312680710450228,711.0,0.018355018587360595,967.0,0.024963857909954566,37.0,0.0009551838083436597
Henderson,general,33283.893805059866,1996.0138105527915,0.059969360022695255,57.937819718361034,0.001740716397477306,137.39024483208647,0.004127829683533007,41.55745611882081,0.001248575553155478,107.99677030446469,0.0032447156254310264,3210.8131746007593,0.0964674744309107,12039.532367172,0.36172247266759794,14.664913045312833,0.00044060088435576763,12509.133343957863,0.3758314281743143,67.38401080931348,0.002024523068243586,20.003116092021184,0.0006009848549925454,1487.8412752864679,0.044701538948555476,300.91420317690165,0.009040835334330873,262.9003024254217,0.007898724348935859,532.1772604645857,0.015989032520698745,459.45961097514447,0.013804262616211592,38.17412552754949,0.0011469248685604869
Hutt South,general,44768.64343217682,2590.7205215615927,0.05786908699805609,77.29089580844685,0.0017264515938603387,151.76344162280736,0.003389949526898766,53.879502785000845,0.0012035098375635775,102.89935238969005,0.0022984692968322697,6989.898524219619,0.15613380232995244,14325.719236962059,0.31999449031027943,21.76794425701754,0.00048623193798568717,15415.340596619957,0.3443334310536737,50.67610018961342,0.0011319552326035124,1.9295376141395955,4.3100202869957145e-05,2292.698479385961,0.0512121499249655,200.80503852154416,0.0044853947568404195,323.4091419868214,0.007224010315987724,604.3789413364833,0.013500050370123447,1531.9901086588036,0.034220159272409574,33.47606825726133,0.0007477570390976129
Ilam,general,43636.86229507423,3610.9103157245686,0.0827490824456499,50.803580860529046,0.0011642354236423595,183.85971654163606,0.004213403688339671,102.52764084398468,0.00234956491946393,51.88839546319193,0.0011890954741961164,6516.246097763041,0.14932893326976449,9640.373304912318,0.22092269695570052,28.44655154707,0.0006518926900544147,18809.963688010837,0.4310567419081854,99.21661765765097,0.0022736881718658916,25.43491127046709,0.0005828767224021561,1785.4375148573013,0.040915808812835824,88.15747957266441,0.0020202524869120967,153.25615580086577,0.003512080102472571,271.24985410707245,0.006216071455203859,2170.3230828978367,0.049736002286828604,48.7673872431893,0.0011175731864821593
Invercargill,general,37688.94994563107,4014.7202846943433,0.10652247649472474,68.21456827347981,0.001809935494936422,236.82941043983985,0.006283789035817732,48.112897059667716,0.0012765783373926286,137.30636570000132,0.003643146489835225,2343.4190920081573,0.062177882254313324,9619.860603279118,0.2552435293940647,32.13690150899216,0.0008526876327239648,16194.09962806728,0.42967765489429643,54.16223262349236,0.0014370852120216971,29.017975776261824,0.0007699332514735027,2795.017928514167,0.07416014329256121,212.59779218807415,0.005640852093113797,1102.5781249589886,0.029254678799741942,279.24695104251424,0.0074092526176862804,483.52720448992943,0.012829415655980095,38.10198500676625,0.0010109590493163382
Kaikōura,general,41939.0,5911.0,0.1409427978731014,73.0,0.0017406232862013876,176.0,0.0041965712105677296,269.0,0.006414077588879086,97.0,0.002312882996733351,3282.0,0.07825651541524595,8714.0,0.2077779632323136,98.0,0.0023367271513388493,17281.0,0.4120508357376189,111.0,0.0026467011612103294,43.0,0.0010252986480364338,3819.0,0.09106082643839862,261.0,0.006223324352035099,850.0,0.020267531414673693,215.0,0.0051264932401821695,703.0,0.016762440687665418,36.0,0.0008583895657979446
Kaipara ki Mahurangi,general,42840.52719582404,5343.256969796486,0.12472435143882474,99.40794897917846,0.002320418432872797,162.48313755608964,0.003792743651668413,287.97214919445275,0.006721956241997959,113.34438184316298,0.002645727988478429,4052.748538574302,0.09460080918353757,7040.193942037595,0.16433490442022036,18.18287857809758,0.00042443171847497685,20367.45885432915,0.47542502829690914,65.8008942600288,0.0015359496851953508,27.4017453675805,0.0006396220392509907,3032.3336083870377,0.07078189291476833,319.9210424880427,0.007467719550361359,814.760225389465,0.01901844535351295,275.575033922157,0.006432578027401567,780.3576429849052,0.01821540709379907,39.32820213630952,0.0009180139627260028
Kapiti,general,42847.09122778778,3105.000824090483,0.07246701549898411,84.43519155782658,0.0019706166542074978,130.08893502933182,0.0030361205697194394,46.43030765716352,0.0010836279972968597,91.86891570562817,0.0021441109086548235,6144.139081386166,0.14339687725176278,12389.94417461992,0.2891665179498725,12.168194173361993,0.0002839911374303633,15639.680288124706,0.3650114824593238,42.225000716899814,0.0009854811495235288,16.10406797333946,0.00037584973709709916,2808.954429126514,0.0655576457732751,212.8931833545492,0.00496867295431436,522.9402283108961,0.01220480115046297,484.3558066666878,0.011304286773907461,1077.443843336342,0.02514625409711788,38.41875595796405,0.0008966479370494162
Kenepuru,general,53177.564602689155,2687.9657677316522,0.050546988900573374,93.32465805886065,0.001754962995318166,185.89190872420198,0.003495683003030973,47.20059846661871,0.0008876036129009151,120.68382547850557,0.0022694500280368737,7910.0848955971915,0.14874853624261655,20035.83497086418,0.37677233097378404,17.681179246554898,0.0003324932117267509,16627.212679471006,0.3126734517404014,87.66204161561055,0.001648477929942236,21.934660212148977,0.00041247959315233014,2287.747121731546,0.04302090813718566,297.3407272174712,0.005591469437139942,214.85383979073782,0.004040309882485156,916.0964675850585,0.017227123401185845,1580.9722108019505,0.029730060460911024,45.07705009585856,0.0008476704496087255
Manurewa,general,31205.740829224913,848.8214085132752,0.027200809401016813,48.07719560743561,0.0015406522751868202,136.15188199066768,0.004363039568128382,19.08337545616762,0.0006115341263840655,379.97856314789504,0.012176559602521474,1845.0713258233964,0.05912602222522605,16206.93480519708,0.5193574763659802,14.707660270079877,0.0004713126456624868,9252.782571035017,0.296508986012265,59.98306411321248,0.0019221804231943412,40.64997815451744,0.00130264422745086,1066.8495032692604,0.034187603784433494,248.06697707957403,0.0079494019525809,139.7396655048032,0.004478011474540407,673.4010643620745,0.021579396818274494,184.8720105932873,0.005924294879106036,40.569779107171435,0.0013000742180482663
Maungakiekie,general,39504.60210643719,3097.4928445124206,0.07840840508067516,56.968251642491,0.0014420662050715388,121.7316560324242,0.0030814550594496,29.418946962796447,0.0007446967035266682,111.28035415037732,0.0028168959619072945,5439.277521647959,0.13768718659646087,11115.612046356231,0.28137511716755065,5.4644385258446775,0.00013832409983833907,16161.75321185095,0.40911064407904585,48.36425560890009,0.0012242688960286791,7.3345000679256325,0.0001856619147350048,1533.7346412627699,0.03882420172542001,160.9451541025861,0.0040740861955513895,168.3839580360771,0.004262388406859547,376.0012917196871,0.009517911121003761,1038.939690968138,0.026299206562539836,31.899342989610183,0.0008074842243357833
Mt Albert,general,43765.004958960104,2728.0130608193813,0.062333205797132425,55.60901610539855,0.0012706274375507318,121.61856580105132,0.0027788998519501385,23.020475679936645,0.0005260018981266815,83.19864148456838,0.0019010312363173844,9450.66680875944,0.21594117989068307,12731.762933612645,0.2909119499826777,6.672691019706427,0.00015246636041658468,14711.532360650137,0.3361483078648255,44.381588524673546,0.0010140885067028242,11.458561981829646,0.0002618201915565809,1419.9339394480546,0.03244450539374036,117.9497403658331,0.0026950697361153844,152.2289616963477,0.003478326161258244,625.324037952675,0.01428822042952039,1450.0905247757576,0.03313356244642393,31.543050282664282,0.0007207368150019233
Mt Maunganui,general,44223.08323689024,5008.27626647405,0.11325027338429042,87.36280357415883,0.0019755023209526486,185.6086520502549,0.004197098855726615,73.00221880734074,0.0016507718020538958,123.42309991307306,0.0027909202814270385,3656.364567599677,0.08268000103053855,7780.49900591822,0.17593750675954323,51.9236848646875,0.0011741308173052378,20876.746731628853,0.4720780462049236,53.40223074550137,0.0012075646209343002,25.644014726751454,0.0005798784899140546,3735.960947599965,0.08447988412719902,412.29834147061024,0.009323147806362743,663.3963682089591,0.015001133336980079,561.4878235651992,0.012696713627077326,904.6942918844819,0.02045751281154,22.992187858455765,0.0005199137232312201
Mt Roskill,general,36936.36989797232,2432.3658017421976,0.06585286557561051,49.29970749424652,0.001334719888024321,96.25134863320226,0.0026058691988160463,26.055050380297665,0.0007054036564033868,95.49930915968824,0.0025855087931889818,4288.580365749246,0.11610725086399665,10143.065319320573,0.2746091548069913,4.302149172409542,0.00011647460712282164,16870.689950221407,0.45675008120241806,72.43218810282238,0.0019609990993402593,13.588473463496133,0.0003678887097197414,1418.03100902916,0.03839118497421711,218.72486564545773,0.005921666537605932,174.94081156251457,0.004736275168505885,292.3382698229274,0.007914645392344734,718.2829419726813,0.01944649525540171,21.922336499992362,0.0005935162702925992
Māngere,general,30315.03794954898,641.8730917237381,0.0211734220089699,43.58534067197216,0.0014377465317545683,127.92710313765502,0.004219922249497243,17.21315760179234,0.0005678092051357117,275.1749965176817,0.009077178032092013,2372.6697294440633,0.07826708755544749,18554.381911750093,0.612052076023416,12.237324505066102,0.00040367175279251683,5887.21286134328,0.1942010717961469,55.015752495984586,0.0018148007133470569,11.249529584866993,0.00037108743203913296,1013.8252324252464,0.0334429808107936,252.718107183207,0.008336394221369163,98.87033079449196,0.003261428567532535,641.3698534542291,0.021156821723977794,282.07275966892604,0.009304714054402913,27.64086724668523,0.0009117873212854238
Napier,general,41652.627714259455,4674.375215627924,0.11222281695393944,69.67409301563461,0.0016727418374083089,202.91120799796153,0.004871510373605947,210.48709577685324,0.005053392962883698,80.69512219866684,0.0019373356886927325,3538.2197124566283,0.08494589433178416,10973.5379071733,0.2634536764991803,26.291780820927947,0.0006312154181794192,17126.40339721873,0.4111722197866436,44.49363985290018,0.0010682072727351156,18.221207621647725,0.00043745637722178654,2871.21400920228,0.06893236193641973,224.81242280076418,0.005397316691350097,536.6706402679807,0.01288443658223886,386.3434646403548,0.009275368346283062,631.7896075870292,0.01516806123064214,36.48718999987318,0.0008759877107917029
Nelson,general,42706.0,4428.0,0.10368566477778299,75.0,0.0017561935091087904,187.0,0.004378775816044584,100.0,0.0023415913454783873,263.0,0.006158385238608158,6154.0,0.14410153140073995,12520.0,0.2931672364538941,31.0,0.0007258933170983,13856.0,0.3244508968294853,82.0,0.0019201049032922775,15.0,0.00035123870182175807,2612.0,0.06116236594389547,290.0,0.006790614901887323,642.0,0.015033016437971246,343.0,0.008031658314990867,1058.0,0.024774036435161337,50.0,0.0011707956727391936
New Plymouth,general,43230.00706990155,4393.78308496596,0.10163734365949449,88.12435377103016,0.0020384996381919594,202.3167137331386,0.004680006491925826,54.06921261616337,0.0012507333743604337,149.23875937395252,0.0034522029832805296,3679.7921954321673,0.08512124898527221,10454.73652285956,0.2418398059929665,24.022209088918046,0.0005556836724563773,18232.49371530295,0.42175551083814505,54.057420694096,0.0012504606026708918,117.13009850748485,0.0027094628580117785,3137.8071421422283,0.07258400714736164,180.24264273635873,0.004169387306481632,943.517377983494,0.021825519863039957,618.1579379832274,0.014299279132286184,849.4428054596326,0.01964937928615442,51.07487725118935,0.0011814681679002017
North Shore,general,44089.75767364607,4811.661345093349,0.10913331347179168,50.32217782623234,0.0011413575506293064,115.08670710339261,0.002610282142062754,36.22015499839408,0.0008215095049171496,56.543728930817586,0.0012824685803300678,5082.640159299157,0.11527938522413839,7691.06190669949,0.17444101107629123,8.049177957066455,0.00018256344288954257,22690.382209613206,0.5146406650172181,63.546706375200635,0.0014413031444984476,25.174972816048992,0.0005709936761820063,1709.2931372323167,0.038768485639784286,159.14834606240856,0.0036096443813647197,226.82116756056473,0.00514453196226441,215.47872402747774,0.004887273947442823,1103.7032071150145,0.02503309760250134,44.6238449359312,0.0010121136356937696
Northcote,general,41248.785071980725,3568.5811998517784,0.08651360745836431,84.42921088313474,0.0020468290335291695,131.90331074639084,0.003197750200792932,41.61561827916181,0.0010088931881639895,106.61698449988549,0.0025847302972399,5826.832804150972,0.14126071335150656,9616.557627287337,0.2331355362468512,8.227394292861671,0.00019945785744972973,18042.864128510395,0.437415649867624,66.41575145448712,0.0016101262458661284,14.202687483419096,0.0003443177164766152,1738.8354609432972,0.04215482850971155,150.38496948000508,0.0036458036089445423,231.07498358379672,0.005601982777930597,309.8211426919917,0.007511036801480137,1267.8638556385708,0.03073699876071742,42.557942203243115,0.0010317380773513173
Northland,general,45784.84404097559,4681.219871692145,0.10224387501468044,113.58320177956493,0.002480803509517528,301.5406864858686,0.0065860372095185435,780.9927740417788,0.017057888705328376,203.1734978559204,0.004437571037133779,3657.955086208545,0.07989445334650092,10089.010807555527,0.22035699845403575,54.737650605144864,0.0011955408334722484,16234.778854740936,0.3545884930876135,62.497766208739144,0.0013650317592609064,63.81516388229164,0.0013938054222742277,6437.264482089768,0.14059815244382343,277.83949802192205,0.0060683727080792695,1514.4111772510055,0.03307669183923982,706.033616959781,0.015420684109525618,565.3587708128148,0.012348164172118647,40.63113478384019,0.0008874363478769733
Pakuranga,general,38783.43292582886,3838.6814361828724,0.09897735054872876,105.90379068701742,0.002730645089864852,120.10467446694214,0.003096803593860182,32.999101348423864,0.0008508556066074087,94.69069928933146,0.0024415244382935907,2827.095875032968,0.07289442067801553,6428.134643648905,0.1657443438785409,17.328247069331862,0.00044679508135525705,22598.909807936576,0.5826949319096049,58.762347198699025,0.0015151404289320833,6.421310988887969,0.0001655684013627253,1469.413878207818,0.037887669227682594,141.5362112577117,0.003649398740137103,251.38286112339264,0.006481707320859096,196.9146395441735,0.00507728750883816,565.9841891541116,0.014593452576426759,29.16921269170107,0.0007521049708901621
Palmerston North,general,41687.146076787794,3771.6093714379294,0.09047415633803807,106.08754216744515,0.002544850203274451,219.88033333536134,0.005274535535014592,55.9752279117368,0.0013427455026216075,83.86621049450274,0.002011800240295199,5105.9236006288465,0.12248196581324436,12435.370593612071,0.29830227693462386,25.58179516064974,0.0006136614656596551,14694.06388223414,0.3524842850879657,71.22938035766269,0.0017086653096006633,19.62821314703938,0.0004708456921201604,2599.99749807919,0.06236928508586292,319.62523501649343,0.007667237148538382,488.53304393337896,0.01171903308116848,707.3827050372458,0.01696884463460861,947.9854642328448,0.0227404740657145,34.40598000125498,0.0008253378616487468
Papakura,general,36176.6420678127,3386.4137905475836,0.09360774237143928,50.13977857388396,0.0013859710494936903,151.21231338438196,0.004179832752330528,58.30070539200104,0.0016115565751712675,190.45844882334924,0.005264680134389949,2265.445926717077,0.06262178569449658,8379.531895042075,0.2316282389983774,10.620699161305634,0.00029357891043058266,18081.39739060946,0.49980861564531304,47.627142235941434,0.0013165163905114493,18.136139715381706,0.0005013218109460165,1993.260677542752,0.05509800146200434,246.3253065267667,0.006808959937880158,365.3028282336546,0.010097753891831603,458.54968067567876,0.012675296944811312,443.45228481318316,0.012257972533269863,30.467059818225636,0.000842174897302947
Port Waikato,general,42399.0,5107.0,0.12045095403193472,94.0,0.0022170334205995424,177.0,0.004174626760065096,232.0,0.0054718271657350406,150.0,0.0035378192881907592,2486.0,0.058633458336281516,7918.0,0.18674968749262955,25.0,0.0005896365480317932,21277.0,0.5018278732988986,66.0,0.0015566404868039342,22.0,0.000518880162267978,3146.0,0.07419986320432086,229.0,0.005401070779971226,552.0,0.013019174980541994,381.0,0.008986060992004528,508.0,0.011981414656006039,29.0,0.0006839783957168801
Rangitata,general,40461.0,4082.0,0.10088727416524554,62.0,0.0015323397839895208,211.0,0.005214898297125627,123.0,0.003039964410172759,68.0,0.0016806307308272163,2351.0,0.058105336002570375,10660.0,0.26346358221497246,75.0,0.0018536368354711945,18167.0,0.44900027186673586,148.0,0.0036578433553298238,55.0,0.0013593336793455426,3010.0,0.0743926249969106,148.0,0.0036578433553298238,586.0,0.0144830824744816,156.0,0.0038555646177800846,522.0,0.012901312374879514,37.0,0.0009144608388324559
Rangitīkei,general,45302.584559038936,5296.817373304844,0.11692086499837467,102.76976676217348,0.002268518844178582,221.47065153624584,0.004888697933947285,131.27241092989144,0.0028976803908133644,145.38399586498423,0.003209176634845587,3081.6248627421583,0.06802315790010045,11903.225919591418,0.2627493781084162,31.0465199235178,0.0006853145405657277,18033.093394074254,0.3980588209172323,71.36043320229838,0.0015751956294966021,19.36672451082509,0.0004274971218382941,4134.76650100842,0.09126999135380316,258.383240773828,0.0057034988906008105,710.9000753648652,0.01569226308574979,588.6939260508151,0.012994709502360098,535.9953926533976,0.011831452838079938,36.41337074499721,0.0008037813095970897
Remutaka,general,42907.693162761054,2544.76194711666,0.05930782476381696,99.17943438357861,0.002311460418236955,181.94738676329342,0.0042404373983265745,55.44342836747049,0.001292155888156416,148.81974480183086,0.0034683697451950014,5244.175354132043,0.12221993231468768,16430.713889809016,0.382931653479544,13.12179003302204,0.0003058143905161102,13063.19769210499,0.3044488465635422,72.66087645185053,0.001693423045984486,12.15403294229028,0.00028325999480295025,2503.2828743890823,0.05834111996870631,520.7604880137621,0.012136762655553862,271.25335137245975,0.006321788271010488,521.1243607770616,0.012145243017383598,1189.459768863323,0.02772136372727764,35.636742439321765,0.0008305443572587668
Rotorua,general,37808.98669194033,3685.016272642437,0.09746403157183699,54.67262368383083,0.0014460219240809563,180.4423002016179,0.0047724712029926595,108.1631704014788,0.002860779403657907,235.77432480215458,0.0062359334494519565,2956.3755508905756,0.07819240369964162,9088.374022288655,0.24037602743334052,29.364257673574677,0.0007766475709287973,15772.691215387771,0.41716778457725784,50.51719523081091,0.00133611608378755,35.34919293560194,0.0009349415583025202,2927.570021338651,0.0774305337826659,497.7942435666323,0.01316602974902647,637.3568243274397,0.016857283944700475,862.0496171559419,0.02280012485337787,654.2859427149099,0.01730503776908633,33.18991669824274,0.0008778314258635705
Selwyn,general,42802.02461549004,5321.7451258304945,0.12433395788255673,81.64531307169645,0.0019075105396334229,164.12685259011334,0.0038345581561746007,80.80680932837986,0.0018879202573781032,56.81686469009152,0.001327434045480398,3776.0790748482027,0.08822197334753275,7600.116566403702,0.1775644174470481,33.89446108253863,0.0007918892012008292,21245.093672463754,0.4963572135504815,119.41229113672237,0.002789874829741281,25.80222252703264,0.0006028271503235112,2356.887034510859,0.05506484928420658,203.50602413557596,0.004754588736485311,380.49562338963574,0.008889664141072768,203.22250245144835,0.00474796471141466,1119.7099216297158,0.02616020928188741,32.66425540007243,0.0007631474373819982
Southland,general,39404.05005436893,5364.279715305656,0.1361352375683243,64.78543172652019,0.0016441312920151745,215.17058956016012,0.005460621161105825,59.887102940332284,0.001519821004635342,90.69363429999868,0.0023016322985800037,3470.5809079918427,0.08807675615078156,6515.139396720882,0.1653418719073654,19.86309849100784,0.0005040877387883005,19054.90037193272,0.4835772045168237,31.837767376507642,0.0008079821067270629,34.98202422373818,0.0008877773775911531,2240.982071485833,0.05687187150543587,245.40220781192585,0.006227842251578829,970.4218750410114,0.024627465291056187,188.75304895748573,0.004790194122102881,808.4727955100706,0.020517505038049538,27.898014993233748,0.0007079986690388582
Taieri,general,42259.0,3345.0,0.0791547362691971,75.0,0.0017747698715066614,200.0,0.004732719657351097,66.0,0.001561797486925862,57.0,0.0013488251023450627,4581.0,0.10840294375162687,14507.0,0.3432878203459618,23.0,0.0005442627605953762,14206.0,0.3361650772616484,32.0,0.0007572351451761755,11.0,0.0002602995811543103,3259.0,0.07711966681653612,207.0,0.004898364845358385,477.0,0.011287536382782366,245.0,0.0057975815802550935,929.0,0.021983482808395845,39.0,0.0009228803331834638
Takanini,general,33096.88755055626,1821.4034173831594,0.0550324683733757,74.03338117112372,0.0022368683779716756,89.25764629260476,0.0026968592184464972,25.231793534793542,0.0007623615210418621,164.61156777036862,0.004973626825752743,1919.3224091524794,0.05799102426838989,9144.179722654308,0.27628518568963206,14.192656366679575,0.0004288214819293797,17701.0250178018,0.5348244601781081,59.50473946127312,0.0017978953268756239,9.922842364173707,0.00029981194905461537,1072.1324331590179,0.032393753990350625,249.6111620017141,0.007541831890398373,102.03542734496284,0.0030829312027936574,354.1809293139174,0.01070133645566816,276.2712819086703,0.008347349323608134,19.97112287521806,0.0006034139266029686
Taranaki-King Country,general,43342.82837580291,5728.168500108829,0.13215954552949077,68.10400155885456,0.0015712865106162553,175.24338491412323,0.00404319218382981,83.2221706240679,0.0019200909064469019,145.0930706516753,0.0033475681234655355,2957.1159617073554,0.06822618810354866,7681.927310436914,0.1772364102275688,46.156548975792845,0.001064917789295928,20264.846291239868,0.46754785164304524,107.47877301101165,0.002479736026433708,33.32263815173085,0.0007688154972907571,3703.6473364581498,0.08545006118072795,251.03927844213382,0.0057919450079608106,854.4295404382914,0.019713285275939574,537.8009936915903,0.012408073350188415,670.6838347797299,0.015473928673149395,34.54874061279163,0.0007971039710015609
Taupō,general,43927.0,4975.0,0.1132560839574749,50.0,0.0011382521000751246,178.0,0.004052177476267444,75.0,0.0017073781501126869,134.0,0.003050515628201334,2774.0,0.06315022651216791,9687.0,0.22052496186855464,36.0,0.0008195415120540897,20003.0,0.45536913515605437,66.0,0.0015024927720991646,20.0,0.00045530084003004987,3517.0,0.08006465271928427,210.0,0.004780658820315523,964.0,0.0219455004894484,568.0,0.012930543856853416,644.0,0.014660687048967605,26.0,0.0005918910920390648
Tauranga,general,42119.93007116944,4517.707460883513,0.10725818996494077,84.96457274201033,0.0020172059307422144,127.94904774812719,0.0030377317230093574,70.83461079118047,0.0016817361916672759,184.80257528477236,0.004387532813385828,3672.259881509747,0.08718580195420036,7621.1269717931245,0.1809387375267674,28.71205746173782,0.0006816739109780922,19427.562052983376,0.46124392942146164,103.08057402368772,0.0024473111386821857,37.0067923376466,0.0008786052653723963,3872.469031061384,0.09193911349135978,485.90741496275746,0.011536282566037663,498.2468074636013,0.01182924108899803,443.46255927885903,0.01052856826992701,908.0197654006082,0.021557959945952908,35.817895443301495,0.0008503787965170055
Tukituki,general,40331.372285740545,4945.624784372076,0.12262475844692837,67.32590698436539,0.0016693185272093744,224.0887920020385,0.005556190610485792,65.51290422314676,0.0016243658598819692,121.30487780133316,0.003007705191430379,3221.7802875433717,0.07988273408396906,10354.4620928267,0.2567346833494083,34.70821917907205,0.0008605762018998645,16708.59660278127,0.414282868542232,63.50636014709983,0.0015746144142373497,13.778792378352275,0.00034163956239157946,2472.78599079772,0.06131172461176065,422.1875771992358,0.010467969555018176,597.3293597320193,0.014810538939762521,403.6565353596452,0.010008499896800213,576.2103924129708,0.014286902720061778,38.51281000012682,0.0009549094865225627
Tāmaki,general,43748.342928871,5349.180776282006,0.12227162032123283,53.20507698658064,0.001216162108655979,99.97575160595687,0.0022852465925053246,34.73541597399103,0.0007939824379283623,50.87854209706687,0.0011629821540849814,4830.923424475195,0.11042528930363454,7523.653849880484,0.17197574459249682,6.202071844458574,0.00014176701171384525,22845.179421178625,0.5221953082502314,30.60454076301626,0.0006995588567268749,6.110136974974012,0.00013966556367422383,1272.8677578378663,0.029095222187212444,96.72071369201964,0.0022108429077936664,178.3427046385146,0.004076559080842814,309.26460970765595,0.007069173116121887,1030.460175336359,0.023554267575614247,30.037959596232508,0.0006866079395297381
Upper Harbour,general,37644.33129817807,3566.8130885235823,0.09475033731562688,44.07419309462375,0.0011708055788138513,112.87938483255088,0.0029985759061156195,34.34668271285293,0.0009123998628318114,67.0666011864708,0.001781585669705248,3532.4923568443273,0.0938386268270701,6815.747104763333,0.18105639998692724,15.217927296131126,0.000404255482069558,20384.902462686572,0.5415132042383543,68.77390784195818,0.0018269392886064292,5.698505764905571,0.00015137752666578435,1475.137931347338,0.03918619033667713,172.32134913240452,0.004577617484222508,258.20307310833437,0.0068590160644142195,226.98567896948384,0.006029743951925894,840.3474817441552,0.022323347307933897,23.323568329048044,0.0006195771720396285
Waikato,general,43146.0,5294.0,0.12269967088490243,77.0,0.0017846382051638623,190.0,0.004403652714040699,86.0,0.001993232281092106,142.0,0.003291150975756733,2376.0,0.05506883604505632,7612.0,0.17642423399619894,28.0,0.0006489593473323136,21749.0,0.5040791730403745,102.0,0.002364066193853428,19.0,0.0004403652714040699,3319.0,0.07692485977842674,238.0,0.005516154452324665,721.0,0.016710703193807075,415.0,0.00961850461224679,742.0,0.017197422704306308,36.0,0.0008343763037129745
Waimakariri,general,46721.0,4941.0,0.10575544187838445,102.0,0.002183172449219837,179.0,0.003831253611866184,461.0,0.009867083324415145,82.0,0.0017550994199610453,3996.0,0.08552899124590656,11317.0,0.2422251236060872,302.0,0.006463902741807752,19969.0,0.4274095160634404,108.0,0.0023115943579974743,20.0,0.0004280730292587916,3285.0,0.07031099505575651,199.0,0.004259326641124976,440.0,0.009417606643693415,238.0,0.00509406904817962,1034.0,0.022131375612679523,48.0,0.0010273752702210997
Wairarapa,general,46887.31315539287,5063.468593236056,0.1079922958360788,84.88287213782489,0.0018103590593154272,219.34674397556574,0.004678168340519145,78.25813806818799,0.00166906851345537,100.54815403178029,0.002144463976823451,3874.3044562738455,0.08263012306620586,12757.476283065467,0.27208802178075187,36.57762983874714,0.0007801178480311378,18133.638299106755,0.3867493588086112,65.52427232060586,0.001397484050823019,35.27874466772434,0.0007524155745671398,3918.4699644442126,0.08357207314178376,169.35372607911324,0.00361193070538815,1061.0904422229974,0.022630651466556753,477.389662035366,0.010181638270745265,761.1698147112838,0.016234025016290274,50.535359177338954,0.0010778045440534374
Waitaki,general,44393.0,5473.0,0.123285202622035,64.0,0.001441668731556777,158.0,0.0035591196810307933,281.0,0.006329826774491474,61.0,0.001374090509765053,4014.0,0.0904196607573266,9575.0,0.21568715788525217,33.0,0.0007433604397089631,19281.0,0.43432523145540963,72.0,0.001621877323001374,10.0,0.0002252607393057464,3103.0,0.0698984074065731,281.0,0.006329826774491474,902.0,0.020318518685378324,182.0,0.004099745455364585,873.0,0.01966526254139166,30.0,0.0006757822179172393
Waitākere,general,40987.99535214184,3187.0430010696005,0.07775552265214797,79.19931983028832,0.0019322564850966719,175.27989858859655,0.004276371583501637,100.86882424024307,0.0024609357782356665,105.43622855942338,0.0025723685106720834,7094.424150818739,0.1730854141528055,11803.335530779737,0.28797054916624387,9.883567045605247,0.00024113321377862353,13908.74269962274,0.33933698342961127,64.76302878920256,0.0015800487004256076,10.721094619877446,0.00026156669843862494,2165.7563882414274,0.052838797546322425,241.23924174399303,0.005885607228931897,474.52646276598693,0.011577205927959352,594.5511392915153,0.014505494454742753,926.0686237748962,0.022593654942592946,46.156152359967486,0.0011260895284930196
Wellington Bays,general,48377.62164309451,1886.4824057879373,0.038994939017578105,95.4125508664808,0.0019722455884744823,177.6941578698358,0.0036730651866429672,24.529298441640194,0.0005070381223493143,68.11297283504243,0.0014079438079355223,15821.706667857641,0.32704597974208294,14916.046687447244,0.3083253409497939,7.297571882507857,0.00015084602414615645,10238.178497193803,0.21163046362067728,37.752946206322946,0.0007803803685275184,17.582776956091784,0.0003634485606962775,1573.593128811244,0.032527294136541346,75.2653523943381,0.0015557886030364944,142.50128903880892,0.0029456034463643324,1149.4948352658396,0.02376087943607951,2089.5574244103477,0.04319264472788761,56.41307982938586,0.0011660986611862168
Wellington North,general,53394.98763852808,2635.8547054608634,0.04936520864664302,64.01129316909612,0.0011988258823550633,138.64718712656992,0.0025966330035541883,18.64048438266844,0.0003491055098441127,33.31903805808466,0.0006240105959691753,19073.239168091954,0.3572102927940249,13194.050868283377,0.24710279844250738,11.807961599869548,0.00022114363392696637,12612.422307776957,0.23620985537369513,35.32443457632974,0.0006615683632229326,10.2235023429736,0.00019146932689982784,1201.9222644353486,0.0225100204643194,64.42880944466712,0.0012066452731637567,87.51311880208621,0.0016389762910805432,1129.188668793245,0.021147840251178544,3030.1754665428743,0.05675018574882858,54.21835964111573,0.0010154203987865246
West Coast-Tasman,general,41973.0,5488.0,0.13075072070140328,99.0,0.0023586591380172967,281.0,0.0066947799776046505,136.0,0.0032401782098015392,289.0,0.00688537869582827,4521.0,0.10771210063612323,9970.0,0.23753365258618636,40.0,0.0009529935911180997,14042.0,0.33454840016200893,63.0,0.0015009649060110071,19.0,0.00045267195578109736,4154.0,0.09896838443761466,254.0,0.0060515093035999334,1489.0,0.03547518642937126,290.0,0.0069092035356062235,792.0,0.018869273104138374,46.0,0.0010959426297858148
Whanganui,general,41967.519056038545,4097.366905197193,0.09763185905094951,104.37743975838215,0.002487100550761856,234.70915536952498,0.0055926383224160015,92.07921974939029,0.0021940591633839114,95.16596031432317,0.0022676098672225445,3204.995231931015,0.0763684702841604,11515.953542448773,0.2744015801141761,20.770655820040545,0.0004949221752256984,15597.832356750612,0.37166438968963306,109.04832065769841,0.002598398073331139,22.345002974211802,0.0005324356425352398,4760.113259988104,0.11342374691322597,322.8622780057409,0.007693146635011428,591.0585507551626,0.014083714359334221,660.9356947773798,0.015748743543663925,505.1238655494699,0.01203606686578223,32.78161599152057,0.00078111874918667
Whangaparāoa,general,45104.766865668826,5390.727730270022,0.1195156987802355,86.71884694530466,0.0019226093597506232,124.29289015422123,0.002755648655149704,151.72335157875258,0.0033637985987293893,89.34197088349038,0.001980765606206744,3375.5837468732007,0.0748387361567875,6934.871483650666,0.15375030103368287,28.46700600352446,0.0006311307646995493,23969.75510760071,0.5314239884885675,63.46459655692636,0.0014070485442467056,14.757144186981451,0.0003271748245796554,2870.7593859093126,0.06364647431742676,437.0930295583744,0.009690617199289077,599.6323732282303,0.013294212893596315,207.90900969288288,0.004609468669067245,726.5912779384232,0.016108968706175997,33.077914637800234,0.0007333574018088375
Whangārei,general,43890.15595902441,4001.7801283078556,0.09117716811131622,77.41679822043507,0.0017638761250406798,254.45931351413137,0.005797639765775567,355.00722595822117,0.008088538721294447,114.82650214407963,0.002616224518574985,4122.044913791455,0.09391729930601686,9819.989192444473,0.223740129828027,34.262349394855136,0.0007806385884534624,16624.221145259064,0.3787687872601624,56.502233791260856,0.0012873555027694823,35.18483611770836,0.0008016566664870527,5758.735517910232,0.13120790737874238,338.1605019780779,0.0077047003955461576,919.5888227489945,0.020952051836122827,600.966383040219,0.013692509627928359,741.6412291871852,0.016897666754239312,35.36886521615981,0.0008058496135028542
Wigram,general,37686.85675728926,2703.5603820829097,0.0717374866122258,83.72437398532753,0.0022215801791199757,195.20357666108413,0.0051796194603926085,64.570415040384,0.0017133404214692176,56.54996946964044,0.0015005223129600147,4978.858601464469,0.13211127246640106,10551.641848584457,0.2799820084900977,65.34470084183206,0.0017338856690189033,14601.230295518622,0.3874356089061342,105.37213722849177,0.002795991661154152,30.024003227949205,0.000796670399479311,1859.296164673046,0.04933540031335799,177.7359275813995,0.004716125006817461,258.45215420141363,0.006857885651379635,295.11229745841393,0.007830642373785507,1624.2055127704525,0.04309739926655742,35.97439649936514,0.0009545608096490324
Ōtāhuhu,general,29369.401497705036,770.0194992737092,0.026218426661976057,52.771287584186695,0.001796811814102181,131.22683635406122,0.004468148129076293,18.83733821335797,0.000641393329545035,234.52462009032698,0.00798533875838951,2218.068035406369,0.07552309282093105,17080.81149175859,0.5815852765366468,8.869915995998277,0.0003020121467811111,6852.15241298818,0.23330922877415858,41.78638049285847,0.0014227862456142905,15.913613408094903,0.0005418432993719131,900.2029027631763,0.0306510469010926,184.90689633355225,0.006295902773095364,129.49379022018604,0.004409139567597415,431.9184166449124,0.014706408527891283,264.3181704818347,0.00899978062210389,33.57988969563826,0.0011433630916265773
Hauraki-Waikato,maori,25755.0,294.0,0.011415259172976122,14.0,0.0005435837701417201,254.0,0.009862162686856921,23.0,0.0008930304795185401,323.0,0.012541254125412541,1893.0,0.07350029120559115,11508.0,0.44682585905649386,11.0,0.00042710153368278003,1292.0,0.050165016501650166,15.0,0.0005824111822947001,8.0,0.00031061929722384004,974.0,0.037817899437002526,128.0,0.004969908755581441,310.0,0.012036497767423802,8503.0,0.33014948553678897,186.0,0.007221898660454281,19.0,0.0007377208309066201
Ikaroa-Rāwhiti,maori,27383.05303033685,216.26224315267717,0.007897667324132442,26.823365903349362,0.0009795608208344254,288.79569840239276,0.010546512037297113,26.84328640035513,0.0009802882962179663,174.11132043635027,0.00635836041523411,1867.0893251450464,0.06818411822365296,15240.029912156466,0.5565496986502017,9.318121029418426,0.0003402878787509619,1000.5356901534772,0.03653850025579741,18.53072118768778,0.0006767222474118631,9.27824686502295,0.00033883171663670456,955.0199734560961,0.034876314646071736,185.34271319514457,0.0067685189445387635,265.11120436476045,0.009681579481698108,6938.075716420938,0.25337115290740064,143.3319346613976,0.005234329952273931,18.553557406270773,0.0006775562018492186
Te Tai Hauāuru,maori,26723.0,284.0,0.010627549302099314,32.0,0.0011974703438985144,299.0,0.011188863525801744,31.0,0.001160049395651686,219.0,0.008195187666055459,2091.0,0.07824720278411855,11123.0,0.4162332073494742,18.0,0.0006735770684429144,1248.0,0.04670134341204206,17.0,0.0006361561201960857,6.0,0.00022452568948097144,1140.0,0.04265988100138458,137.0,0.005126669909815515,351.0,0.01313475283463683,9529.0,0.3565842158440295,178.0,0.006660928787935486,20.0,0.0007484189649365714
Te Tai Tokerau,maori,28473.0,307.0,0.010782144487760334,28.0,0.0009833877708706495,468.0,0.01643662417026657,72.0,0.002528711410810241,245.0,0.008604642995118181,2731.0,0.09591542865170512,12653.0,0.4443859094580831,12.0,0.00042145190180170686,1545.0,0.05426193235696976,10.0,0.0003512099181680891,6.0,0.00021072595090085343,1917.0,0.06732694131282267,161.0,0.005654479682506234,401.0,0.014083517718540372,7690.0,0.2700804270712605,211.0,0.007410529273346679,16.0,0.0005619358690689425
Te Tai Tonga,maori,27252.94696966315,651.7377568473228,0.023914395664175702,49.176634096650645,0.0018044519791342946,470.20430159760724,0.017253337854472,67.15671359964486,0.002464200061534664,150.88867956364973,0.0055366004906409845,4539.910674854953,0.16658421123809447,9930.970087843536,0.3643998610094637,49.68187897058157,0.0018229910705027746,2416.4643098465226,0.08866800029136043,10.469278812312218,0.0003841521734866393,11.72175313497705,0.000430109563858368,1528.980026543904,0.05610329144389049,116.65728680485543,0.0042805384289160905,462.8887956352395,0.016984907949606626,6230.924283579062,0.2286330461991897,543.6680653386024,0.01994896426958124,21.446442593729227,0.0007869403120918453
Tāmaki Makaurau,maori,26665.0,254.0,0.009525595349709357,27.0,0.0010125632852053252,246.0,0.009225576598537408,28.0,0.0010500656291018188,478.0,0.01792612038252391,3229.0,0.12109506844177761,11571.0,0.4339396212263266,7.0,0.0002625164072754547,1269.0,0.04759047440465029,13.0,0.0004875304706544159,2.0,7.500468779298706e-05,927.0,0.034764672792049506,121.0,0.004537783611475717,174.0,0.006525407837989874,8046.0,0.30174385899118694,248.0,0.009300581286330396,25.0,0.0009375585974123383
Waiariki,maori,29485.0,221.0,0.007495336611836527,24.0,0.000813973206715279,245.0,0.008309309818551805,31.0,0.001051382058673902,417.0,0.014142784466677973,1637.0,0.05551975580803799,12892.0,0.437239274207224,15.0,0.0005087332541970493,1003.0,0.0340172969306427,7.0,0.00023740885195862302,4.0,0.00013566220111921315,1109.0,0.03761234526030185,150.0,0.005087332541970494,241.0,0.008173647617432592,11300.0,0.38324571816177716,159.0,0.005392572494488723,30.0,0.0010174665083940986
