electorate_name,electorate_type,Total_valid_party_votes,National_votes,National_share,Labour_votes,Labour_share,Green_votes,Green_share,ACT_votes,ACT_share,NZ First_votes,NZ First_share,Te Pāti Māori_votes,Te Pāti Māori_share,TOP_votes,TOP_share,Others_votes,Others_share
Auckland Central,general,41533.55211424619,13231.512595807952,0.3185846945184299,9651.091234822727,0.2323763009370242,10529.866288950525,0.25353520322748646,3707.9401832993885,0.08927875645625788,1518.7075807262147,0.03656702037390461,683.1101835764437,0.01644773774587794,1489.4042987149296,0.03586146406805108,721.919748348007,0.0173821836943373
Banks Peninsula,general,49559.0,15839.0,0.3195988619625093,13200.0,0.2663491999435017,9763.0,0.1969975181097278,3919.0,0.07907746322565024,2658.0,0.05363304344316875,388.0,0.007829052240763534,2401.0,0.04844730523214754,1391.0,0.028067555842531126
Botany,general,41663.75136601104,26768.096064408404,0.6425006917949102,5961.55265646788,0.14309204871112488,2349.0642510099487,0.0563833678238834,3695.398761958516,0.0886987350651857,1302.2469768096216,0.0312571570826251,114.67968904824119,0.0027525969486596946,507.9087484663758,0.012191069602900638,964.8042178420541,0.02315769399207986
Christchurch Central,general,42338.97384043196,12896.760560726923,0.30461746329608264,12227.639424718172,0.2888130306923273,8464.169811874262,0.1999210518687874,2777.446804900111,0.06560242753710499,2212.1125605373995,0.05224940895377245,421.16434343715383,0.00994777047495675,2275.5384012239947,0.05374750753491592,1064.1419330139397,0.025134700663421886
Christchurch East,general,41412.076419083656,11889.28830914119,0.28710670838189345,14211.39375094727,0.3431817258747432,6057.766707097325,0.14628507730634432,2935.874233744076,0.07089652177291358,2819.6879821008897,0.06809081537559643,445.2737602832838,0.010752627097575731,1423.2430340179824,0.034368972481741304,1629.548641751642,0.03935091273056143
Coromandel,general,46892.0,20206.0,0.43090505843214194,9223.0,0.19668600187665272,3672.0,0.07830760044357246,5588.0,0.11916744860530581,4895.0,0.10438880832551395,362.0,0.007719866928260684,509.0,0.010854730017913504,2437.0,0.05197048537063892
Dunedin,general,42507.0,9652.0,0.22706848283812078,13160.0,0.30959606653021854,11449.0,0.26934387277389604,2460.0,0.057872820947138116,2396.0,0.056367186581033714,613.0,0.014421154162843767,1810.0,0.042581221916390244,967.0,0.022749194250358765
East Cape,general,40355.346250656345,14908.664431128915,0.36944700478586795,12053.963628667463,0.29870554662901977,3014.9964336731505,0.07471369464422735,3599.3047591842046,0.08919325864063549,3896.290295801145,0.09655276542105232,915.0155280222078,0.022674716955499028,459.998100608867,0.011399070739179932,1507.1130735703964,0.037347303205887805
East Coast Bays,general,36903.15370866567,21202.976108602965,0.5745764611050826,5427.18330295455,0.14707047539024376,3312.8987282094367,0.08977577569791108,3606.7907555793136,0.09773991432487801,1456.4981472709521,0.039469438006181544,134.22075058080938,0.003637229202191973,615.0700500672185,0.016667696595477312,1147.515865400422,0.031096370699403363
Epsom,general,43093.35203540981,21993.037287399577,0.5103750337062251,6402.750996409874,0.14858358183557807,6050.66926549181,0.14041309938076932,5318.91630435073,0.12343188676667627,1124.0289502252335,0.02608445144985279,335.9857272498235,0.007796955219467761,1418.3678452373535,0.03291494154995964,449.59565904540676,0.010433411112840577
Glendene,general,33334.22695754515,11201.587059958285,0.33604981362281205,11940.039874325148,0.3582035432067474,4509.898883650662,0.13529785299139363,2002.1388226374627,0.060064558226700177,1499.8305531591416,0.04499521140683842,567.2827457741666,0.01701859388035285,636.1030902970177,0.019083217743611738,977.3459277432657,0.029320569942913238
Hamilton East,general,38210.0,16373.0,0.42850039256739075,9497.0,0.248547500654279,4718.0,0.12347552996597749,3085.0,0.08073802669458258,1914.0,0.05009159905783826,565.0,0.014786705051033761,1040.0,0.027218005757655064,1018.0,0.026642240251243128
Hamilton West,general,38736.0,16026.0,0.41372366790582404,10242.0,0.26440520446096655,3863.0,0.09972635274679885,3398.0,0.08772201569599339,2410.0,0.06221602643535729,711.0,0.018355018587360595,967.0,0.024963857909954566,1119.0,0.028887856257744735
Henderson,general,33285.004189752355,12509.774341654198,0.37585068666913135,12039.576382833358,0.36172379509885,3210.8308033926737,0.09646800408023651,1996.1961518627704,0.05997483838742767,1487.9620657604926,0.0447051680454013,532.189843233734,0.015989410564482383,459.460779920894,0.013804297736674251,1049.0138210942328,0.03151716043916593
Hutt South,general,44770.13695984704,15416.161352286212,0.3443517643245376,14325.8002667074,0.3199963002767901,6989.950883895627,0.15613497189132383,2590.9623736643052,0.05787448926366369,2292.8891987121415,0.051216410034532346,604.3944402107318,0.013500396569450929,1531.997070770182,0.034220314785528685,1017.9813736004404,0.022738713875542205
Ilam,general,43638.31806536975,18810.882107043355,0.4310777887704989,9640.385257691487,0.22092297087042628,6516.266131176477,0.14932939236357604,3611.2314572955706,0.082756441855885,1785.578151638209,0.04091903170223508,271.25561215412927,0.0062162034089409965,2170.323360955724,0.049736008658915705,832.3959874147946,0.01907552339089138
Invercargill,general,37690.20728749561,16194.750160377864,0.4296949154524049,9619.789272264452,0.2552416367699728,2343.406014611922,0.062177535272074376,4015.042589885421,0.10653102821058688,2795.2138964292344,0.07416534290452571,279.2504619645937,0.007409345772897145,483.52308159189175,0.01282930626322589,1959.2318103702312,0.051984250375681974
Kaikōura,general,41939.0,17281.0,0.4120508357376189,8714.0,0.2077779632323136,3282.0,0.07825651541524595,5911.0,0.1409427978731014,3819.0,0.09106082643839862,215.0,0.0051264932401821695,703.0,0.016762440687665418,2014.0,0.04802212737547391
Kaipara ki Mahurangi,general,42841.9563995673,20368.226873189982,0.47544295568742234,7040.124401327668,0.16433328117432497,4052.715941598894,0.09460004829244818,5343.672771080179,0.12473405723170146,3032.5387469923103,0.07078668133869073,275.5778200068988,0.006432643061259088,780.3490673175901,0.018215206917286862,1948.7507780537785,0.04548848731823582
Kapiti,general,42848.52065051385,15640.44905457175,0.36502942455119086,12389.963608520287,0.2891669715139258,6144.1599901072605,0.1433973652363726,3105.2779924278807,0.07247348427736451,2809.1766103615796,0.06556283121827729,484.36624768103655,0.011304530454728016,1077.4443354826078,0.025146265583224678,1197.6828113614472,0.027952488186285783
Kenepuru,general,53179.33866055824,16628.147369606686,0.3126910285162967,20036.007835972574,0.3767755816888118,7910.167653458017,0.14875009249780508,2688.2246861265944,0.050551857841016144,2287.944227866892,0.0430246147028552,916.1226825213586,0.017227616371040633,1580.9840934508936,0.029730283913207717,1131.7401115552236,0.02128228549033613
Manurewa,general,31206.781884611566,9253.33142024956,0.2965265740970199,16207.124918603988,0.5193635686234256,1845.0963540428538,0.059126824264171214,848.9058050304204,0.027203513919957963,1066.9447303898949,0.03419065537424049,673.4224236687371,0.021580081285494147,184.87397367766445,0.005924357786902005,1127.082258948449,0.03611778567015816
Maungakiekie,general,39505.92002031225,16162.559751123154,0.40913106041611036,11115.637810242119,0.28137576934184205,5439.300107299671,0.13768775831850105,3097.7716637691897,0.07841546297372819,1533.8571051175547,0.038827301714997306,376.00967872932534,0.009518123425626286,1038.940943992036,0.026299238280968352,741.8429600392045,0.018778646549595872
Mt Albert,general,43766.46500422578,14712.347223276636,0.33616692691050515,12731.862276164547,0.29091421989106675,9450.757887273796,0.2159432609715476,2728.273585791873,0.06233915861200668,1420.055105508062,0.03244727395414886,625.3414162278939,0.014288617511052433,1450.1002272976584,0.03313378414231794,647.7272826853082,0.014800119028724057
Mt Maunganui,general,44224.55856411513,20877.539517386293,0.4720959731720053,7780.424225733717,0.17593581578326956,3656.336133005358,0.08267935804971863,5008.667334755796,0.11325911646471633,3736.2146823570683,0.08448562173612476,561.4936498542253,0.012696845374766534,904.684590874885,0.020457293446247332,1699.1984301477842,0.038423336994520954
Mt Roskill,general,36937.60213299779,16871.507489673186,0.4567722149273628,10143.074172654031,0.27460939449847915,4288.591976474086,0.1161075652079582,2432.5812349310045,0.06585869812465098,1418.1421851509235,0.038394194910550065,292.344368234943,0.007914810498229055,718.282770372527,0.019446490609570117,773.0779355070874,0.020929992244568863
Māngere,general,30316.049290177838,5887.59466091783,0.19421366619154848,18554.702257844307,0.6120626432572339,2372.7150469492008,0.07826858244076523,641.9404648081253,0.021175644440111146,1013.9213384287629,0.03344615105269389,641.3937467522126,0.021157609890498426,282.07731612692623,0.009304864357958784,921.704458350475,0.03040419939055982
Napier,general,41654.017288462725,17127.142653214585,0.41118996791050566,10973.489389133212,0.26345251167374784,3538.210559559681,0.08494567458821815,4674.764472948889,0.11223216227840818,2871.4239154259044,0.06893740138375219,386.3494786509659,0.009275512731186037,631.7861118253314,0.015167977304083612,1450.850707704154,0.03483215315146772
Nelson,general,42706.0,13856.0,0.3244508968294853,12520.0,0.2931672364538941,6154.0,0.14410153140073995,4428.0,0.10368566477778299,2612.0,0.06116236594389547,343.0,0.008031658314990867,1058.0,0.024774036435161337,1735.0,0.04062660984405002
New Plymouth,general,43231.4492670912,18233.263021441137,0.42177330648959943,10454.680153210571,0.24183850204571294,3679.7791053796764,0.0851209461851253,4394.144711888353,0.10164570884254451,3138.033493018516,0.07258924311403454,618.1669606500633,0.014299487845341014,849.4372810888236,0.01964925149596461,1863.94454041406,0.04311691500304686
North Shore,general,44091.22855299399,22691.341521211103,0.5146624231680565,7691.02108496616,0.17444008519836665,5082.622506352876,0.11527898483758124,4812.057769841815,0.10914230478336567,1709.4165836582727,0.03877128552874874,215.4818872879293,0.00488734569336792,1103.696121972694,0.025032936904355235,785.5910777031419,0.01781799490752738
Northcote,general,41250.16117358098,18043.72136596646,0.4374364319938021,9616.556905017771,0.23313551873677021,5826.843055900626,0.1412609618860909,3568.8938838204867,0.08652118789905275,1738.970140235989,0.04215809355842647,309.8273121090582,0.007511186367511128,1267.8623508679784,0.03073696228035588,877.4861596626113,0.021273018299359944
Northland,general,45786.37147013604,16235.397559397632,0.35460200639468387,10088.915204161536,0.2203549103527002,3657.927133947003,0.07989384283308479,4681.586035111043,0.1022518724956497,6437.702551556313,0.14060772044554368,706.0410386163201,0.01542084620806924,565.3527849470072,0.012348033433095004,3413.449162399184,0.07455412885854289
Pakuranga,general,38784.72678076348,22599.810821529827,0.5827181638291457,6428.085043360483,0.16574306497451718,2827.079247105147,0.07289399194010951,3838.988452695672,0.09898526672555062,1469.5164611054674,0.037890314246184324,196.9170560144703,0.0050773498156045935,565.979192722436,0.014593323747406255,858.3505062299779,0.022131885742851205
Palmerston North,general,41688.5368025589,14694.76850688121,0.35250118777172756,12435.375153951009,0.29830238632899037,5105.934839962225,0.12248223542472983,3771.9415115691663,0.09048212378514095,2600.2000264295293,0.0623741433783919,707.3971035812864,0.016969190029901778,947.9847579594657,0.02274045712348061,1424.9349022250071,0.03418163717900656
Papakura,general,36177.848957541806,18082.152936763006,0.49982950056194314,8379.483292336703,0.23162689551532883,2265.4369427056004,0.06262153735714511,3386.691123625492,0.09361540845270211,1993.4036505907459,0.05510195354378478,458.55618642133913,0.01267547677757877,443.4492197103714,0.012257887807252284,1168.6756053885465,0.03230470100563445
Port Waikato,general,42399.0,21277.0,0.5018278732988986,7918.0,0.18674968749262955,2486.0,0.058633458336281516,5107.0,0.12045095403193472,3146.0,0.07419986320432086,381.0,0.008986060992004528,508.0,0.011981414656006039,1576.0,0.03717068798792424
Rangitata,general,40461.0,18167.0,0.44900027186673586,10660.0,0.26346358221497246,2351.0,0.058105336002570375,4082.0,0.10088727416524554,3010.0,0.0743926249969106,156.0,0.0038555646177800846,522.0,0.012901312374879514,1513.0,0.03739403376090556
Rangitīkei,general,45304.09589953049,18033.835774545267,0.39807520807214286,11903.149521162462,0.2627476917050973,3081.610737195712,0.06802284609567288,5297.247886027104,0.11693036804828785,4135.060524457111,0.091276481567365,588.7019143432482,0.012994885834295923,535.9913565881908,0.011831363746800798,1728.4981852113988,0.03815451595170684
Remutaka,general,42909.12460722957,13063.895050855655,0.30446509909774444,16430.809137267428,0.38293387330194395,5244.215374722634,0.12222086502832574,2544.999866848947,0.05931336968396414,2503.4914634579286,0.05834598131298915,521.1377979557038,0.012145556182171814,1189.465341673752,0.027721493606327714,1411.110574447518,0.03288712280790243
Rotorua,general,37810.24803835331,15773.344487215036,0.41718506279295264,9088.317964525357,0.24037454477622106,2956.3627392149992,0.07819206484698522,3685.316704155916,0.09747197760635855,2927.778933585443,0.0774360592480399,862.0615304621211,0.022800439945297058,654.2811796336675,0.017304911791596347,1862.784499560774,0.04926830001391866
Selwyn,general,42803.452534747885,21245.941130460353,0.496377013034366,7600.058073471262,0.17756305085439356,3776.056940136496,0.0882214562058343,5322.170862701661,0.12434390453519735,2357.0516204693854,0.05506869456862957,203.22500035441877,0.004748023070872954,1119.7000591561505,0.026159978861161896,1179.2488479981605,0.02755123989091373
Southland,general,39405.364613724836,19055.603528772004,0.4835950493027864,6515.0697880732005,0.1653401053720071,3470.5501945753954,0.08807597670256735,5364.692826035069,0.136145721534537,2241.1318674144477,0.056875673041785764,188.75480503880883,0.004790238688113752,808.4632588669201,0.02051726301614729,1761.0983449489875,0.0446933333634248
Taieri,general,42259.0,14206.0,0.3361650772616484,14507.0,0.3432878203459618,4581.0,0.10840294375162687,3345.0,0.0791547362691971,3259.0,0.07711966681653612,245.0,0.0057975815802550935,929.0,0.021983482808395845,1187.0,0.02808869116637876
Takanini,general,33097.99169652908,17701.84197619914,0.5348491440217502,9144.166618714797,0.2762847897629912,1919.3231797084156,0.057991047550214656,1821.5605376910526,0.05503721565686733,1072.214017823043,0.032396219015616234,354.187501098457,0.01070153501767885,276.2705788583118,0.008347328081418595,808.4272864358715,0.024426081914832025
Taranaki-King Country,general,43344.274336826566,20265.584416510148,0.4675648815715926,7681.84156617718,0.1772344319473562,2957.088379722639,0.06822555173564766,5728.606897963623,0.132169660186776,3703.8931333153446,0.08545573217328671,537.8057402718521,0.01240818286266002,670.6756031072078,0.015473738753090403,1798.7785997585731,0.041501181790959935
Taupō,general,43858.0,19966.0,0.4545268286019988,9686.0,0.22050219682655314,2773.0,0.06312746147016642,4960.0,0.11291460832745237,3508.0,0.07985976734127075,567.0,0.012907778814851913,644.0,0.014660687048967605,1754.0,0.03992988367063537
Tauranga,general,42121.33523505662,19428.31077618749,0.46126170540548744,7621.058026380251,0.1809371006434023,3672.2333967202476,0.0871851731594836,4518.0627743829955,0.10726662572204869,3872.7342236450145,0.09194540962203193,443.4674112673441,0.010528683464526737,908.0105414138004,0.021557740952550208,1657.4580850594757,0.039350922051838474
Tukituki,general,40332.71778151322,16709.291454562484,0.41430009711001525,10354.399971206467,0.256733143069058,3221.766868816355,0.07988240137208112,4946.028824374652,0.12263477645473911,2472.962866397575,0.06131611017044192,403.6621818364982,0.010008639898901132,576.20629484003,0.014286801122404455,1648.3993194791647,0.04087139182372846
Tāmaki,general,43749.802418274325,22846.135811816628,0.5222171694356839,7523.610799536103,0.17197476054735364,4830.904644260835,0.11042486002533272,5349.619269923784,0.12228164341267861,1272.95915788986,0.02909731141038925,309.2690216237083,0.007069273963737064,1030.4531334385467,0.023554106611853316,586.8505797848586,0.013414235614340863
Upper Harbour,general,37645.58715151896,20385.755431834394,0.5415358628729587,6815.70796315535,0.18105536021263363,3532.478550734047,0.09383826007569467,3567.105400121248,0.09475810240501974,1475.2438249756826,0.039189003339981814,226.98891238233108,0.00602982984567764,840.3417215305988,0.022323194291175255,801.9653467853022,0.021303747978227892
Waikato,general,43146.0,21749.0,0.5040791730403745,7612.0,0.17642423399619894,2376.0,0.05506883604505632,5294.0,0.12269967088490243,3319.0,0.07692485977842674,415.0,0.00961850461224679,742.0,0.017197422704306308,1639.0,0.03798729893848793
Waimakariri,general,46721.0,19969.0,0.4274095160634404,11317.0,0.2422251236060872,3996.0,0.08552899124590656,4941.0,0.10575544187838445,3285.0,0.07031099505575651,238.0,0.00509406904817962,1034.0,0.022131375612679523,1941.0,0.04154448748956572
Wairarapa,general,46888.87736404902,18134.40929968495,0.38676580250150605,12757.411623924854,0.2720866427479972,3874.291927424477,0.08262985585427737,5063.886976019633,0.10800121899152149,3918.753897233891,0.0835781287839302,477.3967844546939,0.01018179017578841,761.1651106240041,0.016233924688782396,1901.5617446825115,0.04055599727756628
Waitaki,general,44393.0,19281.0,0.43432523145540963,9575.0,0.21568715788525217,4014.0,0.0904196607573266,5473.0,0.123285202622035,3103.0,0.0698984074065731,182.0,0.004099745455364585,873.0,0.01966526254139166,1892.0,0.042619331876647217
Waitākere,general,40989.36275353068,13909.447942850098,0.339354189521817,11803.372340770633,0.2879714472338507,7094.459290393101,0.17308627146661315,3187.332433542695,0.07776258404831062,2165.9310514986623,0.052843058873467956,594.5648773559021,0.014505829627621272,926.0704822627499,0.02259370028484103,1308.1843348568398,0.03191627996484781
Wellington Bays,general,48379.23556996395,10238.825933032294,0.21164384658198257,14916.280129355466,0.3083301663608061,15821.98330922847,0.32705169811684864,1886.6773704265015,0.03899896907593861,1573.7397569162551,0.03253032504422203,1149.535801702024,0.02376172624158158,2089.5878036936715,0.04319327268937666,702.6054656092716,0.014523356910613286
Wellington North,general,53396.768949851714,12613.206632902453,0.2362245444889133,13194.243498101103,0.2471064060810938,19073.552623150237,0.3572161632899674,2636.124346834786,0.049370258584583784,1202.0329972000354,0.02251209430625821,1129.2277251518774,0.021148571712320492,3030.2163375017494,0.05675095119443841,518.1647890094732,0.009704371363794127
West Coast-Tasman,general,41973.0,14042.0,0.33454840016200893,9970.0,0.23753365258618636,4521.0,0.10771210063612323,5488.0,0.13075072070140328,4154.0,0.09896838443761466,290.0,0.0069092035356062235,792.0,0.018869273104138374,2716.0,0.06470826483691897
Whanganui,general,41968.9191353386,15598.49084508544,0.3716800801176031,11515.891709132291,0.27440010675292265,3204.983902720893,0.07636820033229343,4097.7042276841485,0.0976398967547391,4760.456745316324,0.11343193146489704,660.9453566491197,0.015748973766273155,505.12059178961846,0.012035988858791945,1625.3257569607622,0.03872818297384917
Whangaparāoa,general,45106.2716067601,23970.631308508437,0.53144341439338,6934.79498292957,0.153748604966362,3375.552702233374,0.07483804787831976,5391.141006113002,0.11952486135598299,2870.9502818677806,0.0636507065964459,207.91087181150527,0.0046095099533649325,726.582454906465,0.016108773094213644,1628.707998389963,0.036109442783300194
Whangārei,general,43891.62017945527,16624.887905530846,0.37878397882777504,9819.915757025981,0.22373845666426423,4122.0216503667425,0.09391676926860405,4002.1011417838085,0.09118448213125847,5759.1389179470625,0.13121709850663918,600.9739009110533,0.01369268091624279,741.6348585654672,0.01689752160502353,2220.946047324308,0.05060237310156223
Wigram,general,37688.11402932289,14601.964627287141,0.3874550939954121,10551.670401922478,0.2799827661372054,4978.881208328778,0.13211187232710195,2703.8047914443578,0.07174397188010108,1859.445345503852,0.04933935874458951,295.1189947526244,0.007830820082800977,1624.2081022499715,0.04309746797697112,1073.0205578336877,0.028472009877187433
Ōtāhuhu,general,29370.38129093601,6852.5846594609075,0.233323946352682,17081.076156240724,0.5815942881088491,2218.1064731540705,0.07552440158943642,770.0989596517841,0.02622113221176675,900.2866440367135,0.03065389821127486,431.9337424474273,0.01470693035679257,264.32197219058526,0.008999910066646737,851.9726837537951,0.0290088541239211
Hauraki-Waikato,maori,25755.0,1292.0,0.050165016501650166,11508.0,0.44682585905649386,1893.0,0.07350029120559115,294.0,0.011415259172976122,974.0,0.037817899437002526,8503.0,0.33014948553678897,186.0,0.007221898660454281,1105.0,0.0429042904290429
Ikaroa-Rāwhiti,maori,27383.966556954154,1000.6038841144506,0.03654099062679066,15240.343402583587,0.5565611469874917,1867.1311568071424,0.06818564587150325,216.2856575377355,0.007898522392595128,955.1136615221125,0.03487973603469165,6938.3571147245775,0.2533814292744415,143.33472367535225,0.005234431804100006,1022.7969559891958,0.037351458029755494
Te Tai Hauāuru,maori,26723.0,1248.0,0.04670134341204206,11123.0,0.4162332073494742,2091.0,0.07824720278411855,284.0,0.010627549302099314,1140.0,0.04265988100138458,9529.0,0.3565842158440295,178.0,0.006660928787935486,1130.0,0.04228567151891629
Te Tai Tokerau,maori,28473.0,1545.0,0.05426193235696976,12653.0,0.4443859094580831,2731.0,0.09591542865170512,307.0,0.010782144487760334,1917.0,0.06732694131282267,7690.0,0.2700804270712605,211.0,0.007410529273346679,1419.0,0.04983668738805184
Te Tai Tonga,maori,27253.856155809386,2416.614997648668,0.08867352952099983,9931.116786333043,0.36440524385813944,4539.986066229046,0.16658697759485497,651.80454015162,0.023916846162625342,1529.1211541619948,0.056108469879024424,6231.140870861321,0.22864099349687095,543.6754918738549,0.019949236773514876,1410.396248549837,0.05175206373533958
Tāmaki Makaurau,maori,26665.0,1269.0,0.04759047440465029,11571.0,0.4339396212263266,3229.0,0.12109506844177761,254.0,0.009525595349709357,927.0,0.034764672792049506,8046.0,0.30174385899118694,248.0,0.009300581286330396,1121.0,0.042040127507969254
Waiariki,maori,29485.0,1003.0,0.0340172969306427,12892.0,0.437239274207224,1637.0,0.05551975580803799,221.0,0.007495336611836527,1109.0,0.03761234526030185,11300.0,0.38324571816177716,159.0,0.005392572494488723,1164.0,0.03947770052569103
